CobaltStrike,43.230.201.120,443,,Cobalt Strike Beacon,LeapSwitch Networks Pvt Ltd
CobaltStrike,114.116.122.48,80,,Cobalt Strike Beacon,Huawei Public Cloud Service (Huawei Software Technologies Ltd.Co)
CobaltStrike,114.132.246.102,80,,Cobalt Strike Beacon,Tencent cloud computing (Beijing) Co., Ltd.
CobaltStrike,1.117.93.65,443,,Cobalt Strike Beacon,Tencent cloud computing (Beijing) Co., Ltd.
CobaltStrike,68.183.27.162,443,,Cobalt Strike Beacon,DigitalOcean, LLC
CobaltStrike,185.81.68.44,80,,Cobalt Strike Beacon,Transcom LLC
CobaltStrike,8.131.118.10,443,,Cobalt Strike Beacon,Aliyun Computing Co.LTD
CobaltStrike,49.232.67.116,8443,,Cobalt Strike Beacon,Tencent cloud computing (Beijing) Co., Ltd.
CobaltStrike,195.133.88.41,80,,Cobalt Strike Beacon,GLOBAL INTERNET SOLUTIONS LLC
CobaltStrike,159.75.138.102,8080,,Cobalt Strike Beacon,Tencent Cloud Computing (Beijing) Co., Ltd
CobaltStrike,101.200.82.63,80,,Cobalt Strike Beacon,Aliyun Computing Co., LTD
CobaltStrike,121.89.239.11,443,Jhon,Cobalt Strike Beacon,Aliyun Computing Co., LTD
CobaltStrike,39.105.198.127,80,,Cobalt Strike Beacon,Aliyun Computing Co., LTD
CobaltStrike,43.128.130.160,8443,,Cobalt Strike Beacon,Asia Pacific Network Information Center, Pty. Ltd.
CobaltStrike,137.184.30.177,443,R3,Cobalt Strike Beacon,DigitalOcean, LLC
CobaltStrike,123.60.74.61,8009,,Cobalt Strike Beacon,Huawei Public Cloud Service (Huawei Software Technologies Ltd.Co)
CobaltStrike,20.214.205.89,8443,,Cobalt Strike Beacon,Microsoft Corporation
CobaltStrike,39.107.242.130,80,,Cobalt Strike Beacon,Aliyun Computing Co., LTD
CobaltStrike,139.224.3.112,80,,Cobalt Strike Beacon,Aliyun Computing Co., LTD
CobaltStrike,104.248.204.133,80,,Cobalt Strike Beacon,DigitalOcean, LLC
CobaltStrike,119.3.177.228,80,,Cobalt Strike Beacon,Huawei Public Cloud Service (Huawei Software Technologies Ltd.Co)
CobaltStrike,137.184.238.75,80,,Cobalt Strike Beacon,DigitalOcean, LLC
CobaltStrike,167.172.131.98,80,,Cobalt Strike Beacon,DigitalOcean, LLC
CobaltStrike,23.94.91.158,9000,,Cobalt Strike Beacon,RackNerd LLC
CobaltStrike,124.223.161.162,80,,Cobalt Strike Beacon,Tencent cloud computing (Beijing) Co., Ltd.
CobaltStrike,179.60.146.51,80,,Cobalt Strike Beacon,DATASOLUTIONS S.A.
CobaltStrike,58.87.84.253,80,,Cobalt Strike Beacon,Tencent cloud computing (Beijing) Co., Ltd.
CobaltStrike,194.165.16.64,443,R3,Cobalt Strike Beacon,Flyservers S.A.
CobaltStrike,43.143.172.113,8443,Fake,Cobalt Strike Beacon,Tencent Cloud Computing (Beijing) Co., Ltd
CobaltStrike,39.103.196.134,443,ZhongGuo,Cobalt Strike Beacon,Aliyun Computing Co., LTD
CobaltStrike,81.70.29.244,80,,Cobalt Strike Beacon,Tencent Cloud Computing (Beijing) Co., Ltd
CobaltStrike,31.44.184.84,80,,Cobalt Strike Beacon,Petersburg Internet Network ltd.
CobaltStrike,47.103.15.237,4443,,Cobalt Strike Beacon,Aliyun Computing Co., LTD
CobaltStrike,120.53.233.231,9999,,Cobalt Strike Beacon,Shandong Servsd Technology Co. Ltd.
CobaltStrike,192.210.203.223,80,,Cobalt Strike Beacon,RackNerd LLC
CobaltStrike,39.101.70.138,443,*.alicdn.com,Cobalt Strike Beacon,Aliyun Computing Co., LTD
CobaltStrike,175.27.157.133,443,,Cobalt Strike Beacon,Tencent cloud computing (Beijing) Co., Ltd.
CobaltStrike,213.202.216.230,80,,Cobalt Strike Beacon,myLoc managed IT AG
CobaltStrike,120.53.233.231,8888,,Cobalt Strike Beacon,Shandong Servsd Technology Co. Ltd.
CobaltStrike,49.232.161.221,443,jquery.com,Cobalt Strike Beacon,Tencent cloud computing (Beijing) Co., Ltd.
CobaltStrike,147.182.143.122,80,,Cobalt Strike Beacon,DigitalOcean, LLC
CobaltStrike,39.107.154.174,80,,Cobalt Strike Beacon,Aliyun Computing Co., LTD
CobaltStrike,121.41.89.180,443,,Cobalt Strike Beacon,Aliyun Computing Co., LTD
CobaltStrike,216.83.57.209,3260,,Cobalt Strike Beacon,Ethr.Net LLC
CobaltStrike,110.42.64.7,443,RapidSSL TLS DV RSA Mixed SHA256 2020 CA-1,Cobalt Strike Beacon,Ningbo Zhuo Zhi Innovation Network Technology Co., Ltd
CobaltStrike,147.182.143.122,8000,,Cobalt Strike Beacon,DigitalOcean, LLC
CobaltStrike,120.48.122.130,80,,Cobalt Strike Beacon,Beijing Baidu Netcom Science and Technology Co., Ltd.
CobaltStrike,23.224.152.141,4433,jquery.com,Cobalt Strike Beacon,CloudRadium L.L.C
CobaltStrike,81.68.225.226,8088,,Cobalt Strike Beacon,Tencent Cloud Computing (Beijing) Co., Ltd
CobaltStrike,45.159.251.95,8443,,Cobalt Strike Beacon,STARK INDUSTRIES SOLUTIONS LTD
CobaltStrike,198.44.140.108,8080,,Cobalt Strike Beacon,tzulo, inc.
CobaltStrike,39.103.189.229,5555,,Cobalt Strike Beacon,Aliyun Computing Co., LTD
CobaltStrike,194.165.16.83,80,,Cobalt Strike Beacon,Flyservers S.A.
CobaltStrike,180.76.247.230,1234,,Cobalt Strike Beacon,Beijing Baidu Netcom Science and Technology Co., Ltd.
CobaltStrike,91.210.224.214,443,jquery.com,Cobalt Strike Beacon,IP hosted by Host-Unlimited.de
CobaltStrike,47.243.203.249,443,,Cobalt Strike Beacon,Alibaba.com LLC
CobaltStrike,139.59.181.36,443,,Cobalt Strike Beacon,DigitalOcean, LLC
CobaltStrike,27.122.57.170,8888,,Cobalt Strike Beacon,IPTelecom Hong Kong Network
CobaltStrike,20.51.228.251,443,,Cobalt Strike Beacon,Microsoft Corporation
CobaltStrike,45.182.189.190,80,,Cobalt Strike Beacon,DATAHOME S.A.
CobaltStrike,173.82.2.11,8443,,Cobalt Strike Beacon,MULTACOM CORPORATION
CobaltStrike,124.222.116.76,88,,Cobalt Strike Beacon,Tencent cloud computing (Beijing) Co., Ltd.
CobaltStrike,101.43.108.28,443,,Cobalt Strike Beacon,Tencent Cloud Computing (Beijing) Co., Ltd
CobaltStrike,179.60.146.16,80,,Cobalt Strike Beacon,DATASOLUTIONS S.A.
CobaltStrike,221.148.178.131,70,,Cobalt Strike Beacon,Korea Telecom
CobaltStrike,195.133.88.41,81,,Cobalt Strike Beacon,GLOBAL INTERNET SOLUTIONS LLC
CobaltStrike,69.49.229.88,80,,Cobalt Strike Beacon,Newfold Digital, Inc.
CobaltStrike,106.13.54.144,443,,Cobalt Strike Beacon,Beijing Baidu Netcom Science and Technology Co., Ltd.
CobaltStrike,115.159.50.67,60001,,Cobalt Strike Beacon,Tencent cloud computing (Beijing) Co., Ltd.
CobaltStrike,209.141.36.116,443,,Cobalt Strike Beacon,BuyVM Services
CobaltStrike,104.41.174.165,80,,Cobalt Strike Beacon,Microsoft Corporation
CobaltStrike,23.227.198.239,443,R3,Cobalt Strike Beacon,HIVELOCITY, Inc.
CobaltStrike,43.138.105.110,80,,Cobalt Strike Beacon,Tencent Cloud Computing (Beijing) Co., Ltd
CobaltStrike,47.96.132.96,443,,Cobalt Strike Beacon,Aliyun Computing Co., LTD
CobaltStrike,185.130.45.243,80,,Cobalt Strike Beacon,Privex Inc.
CobaltStrike,23.224.152.141,443,jquery.com,Cobalt Strike Beacon,CloudRadium L.L.C
CobaltStrike,103.146.179.87,80,,Cobalt Strike Beacon,HONGKONG NEWS COMMENTARY AGENCY CO. ,LIMITED
CobaltStrike,179.43.156.133,80,,Cobalt Strike Beacon,PRIVATE LAYER INC
CobaltStrike,101.34.7.49,81,,Cobalt Strike Beacon,Tencent Cloud Computing (Beijing) Co., Ltd
CobaltStrike,103.122.244.68,81,,Cobalt Strike Beacon,HK DINGDIAN NETWORK LIMITED
CobaltStrike,39.107.93.206,4443,,Cobalt Strike Beacon,Aliyun Computing Co., LTD
CobaltStrike,101.42.167.244,443,,Cobalt Strike Beacon,Tencent Cloud Computing (Beijing) Co., Ltd
CobaltStrike,8.142.86.200,443,,Cobalt Strike Beacon,Aliyun Computing Co.LTD
CobaltStrike,120.53.242.18,4433,www.qianxin.com,Cobalt Strike Beacon,Shandong Servsd Technology Co. Ltd.
CobaltStrike,124.221.66.75,80,,Cobalt Strike Beacon,Tencent cloud computing (Beijing) Co., Ltd.
CobaltStrike,103.122.246.131,7777,,Cobalt Strike Beacon,HK DINGDIAN NETWORK LIMITED
CobaltStrike,42.192.36.250,443,,Cobalt Strike Beacon,Tencent cloud computing (Beijing) Co., Ltd.
CobaltStrike,150.158.45.62,443,,Cobalt Strike Beacon,Tencent Cloud Computing (Beijing) Co., Ltd
CobaltStrike,194.165.16.83,443,R3,Cobalt Strike Beacon,Flyservers S.A.
CobaltStrike,195.133.88.44,88,,Cobalt Strike Beacon,GLOBAL INTERNET SOLUTIONS LLC
CobaltStrike,209.141.41.151,443,,Cobalt Strike Beacon,FranTech Solutions
CobaltStrike,34.91.186.44,443,,Cobalt Strike Beacon,Google LLC
CobaltStrike,47.103.56.27,80,,Cobalt Strike Beacon,Aliyun Computing Co., LTD
CobaltStrike,3.231.236.148,80,,Cobalt Strike Beacon,Amazon Data Services NoVa
CobaltStrike,5.188.86.235,443,,Cobalt Strike Beacon,pool for VPS and Cloud hosting
CobaltStrike,124.223.66.220,443,,Cobalt Strike Beacon,Tencent cloud computing (Beijing) Co., Ltd.
CobaltStrike,45.8.158.25,443,,Cobalt Strike Beacon,LLC Baxet
CobaltStrike,77.73.134.10,443,R3,Cobalt Strike Beacon,LetHost LLC
CobaltStrike,103.146.179.94,443,,Cobalt Strike Beacon,HONGKONG NEWS COMMENTARY AGENCY CO. ,LIMITED
Metasploit,50.31.0.96,3790,MetasploitSelfSignedCA,,Steadfast
Metasploit,120.79.161.221,3790,MetasploitSelfSignedCA,,Aliyun Computing Co., LTD
Metasploit,27.124.45.38,3790,MetasploitSelfSignedCA,,CTG Server Ltd.
Metasploit,94.103.88.132,3790,MetasploitSelfSignedCA,,VDSINA VDS Hosting
Metasploit,23.234.239.229,3790,MetasploitSelfSignedCA,,MULTACOM CORPORATION
Metasploit,104.131.46.55,3790,MetasploitSelfSignedCA,,DigitalOcean, LLC
Metasploit,45.66.151.203,3790,MetasploitSelfSignedCA,,MB Ricarta
Metasploit,212.118.8.147,3790,MetasploitSelfSignedCA,,Batelco Jordan
Metasploit,38.87.198.170,3790,MetasploitSelfSignedCA,,CloudShare, Ltd.
Metasploit,89.185.85.194,3790,MetasploitSelfSignedCA,,AEZA GROUP Ltd
Metasploit,13.234.14.6,3790,MetasploitSelfSignedCA,,Amazon Data Services India
Metasploit,142.79.230.133,3790,MetasploitSelfSignedCA,,Netmagic IT Services Pvt Ltd
Metasploit,188.68.229.50,3790,MetasploitSelfSignedCA,,Sprint Data Center Customer
Metasploit,65.1.129.130,3790,MetasploitSelfSignedCA,,Amazon Data Services India
Metasploit,52.138.143.143,3790,MetasploitSelfSignedCA,,Microsoft Corporation
Metasploit,65.2.138.101,3790,MetasploitSelfSignedCA,,Amazon Data Services India
Metasploit,193.29.56.32,3790,MetasploitSelfSignedCA,,GWY IT PTY LTD
Metasploit,203.95.193.100,3790,MetasploitSelfSignedCA,,TISP LIMITED
Metasploit,202.112.51.236,3790,MetasploitSelfSignedCA,,China Education and Research Network
Metasploit,65.0.251.162,3790,MetasploitSelfSignedCA,,Amazon Data Services India
Metasploit,5.253.84.230,3790,MetasploitSelfSignedCA,,HostSlick Dedicated Servers
Metasploit,156.54.4.10,3790,MetasploitSelfSignedCA,,webservers   DPTSRL
Metasploit,193.134.209.59,3790,MetasploitSelfSignedCA,,Cloudco LLC
Metasploit,15.207.104.8,3790,MetasploitSelfSignedCA,,Amazon Data Services India
Metasploit,65.0.65.248,3790,MetasploitSelfSignedCA,,Amazon Data Services India
Metasploit,13.234.135.58,3790,MetasploitSelfSignedCA,,Amazon Data Services India
Metasploit,101.255.92.147,3790,MetasploitSelfSignedCA,,PT Remala Abadi
Metasploit,207.180.201.51,3790,MetasploitSelfSignedCA,,Contabo GmbH
Metasploit,141.164.56.105,3790,MetasploitSelfSignedCA,,The Constant Company, LLC
Metasploit,51.68.214.249,3790,MetasploitSelfSignedCA,,OVH Ltd
Metasploit,65.0.123.174,3790,MetasploitSelfSignedCA,,Amazon Data Services India
Metasploit,115.220.9.22,3790,MetasploitSelfSignedCA,,CHINANET-ZJ Ningbo node network
Metasploit,3.110.25.170,3790,MetasploitSelfSignedCA,,Amazon Data Services India
Metasploit,5.187.4.96,3790,MetasploitSelfSignedCA,,www.fornex.com, Fornex Hosting S.L.
Metasploit,185.146.232.82,3790,MetasploitSelfSignedCA,,Flokinet Ltd
Metasploit,92.38.178.236,3790,MetasploitSelfSignedCA,,G-Core Labs S.A.
Metasploit,65.1.121.8,3790,MetasploitSelfSignedCA,,Amazon Data Services India
Metasploit,185.161.210.14,3790,MetasploitSelfSignedCA,,Zemlyaniy Dmitro Leonidovich
Metasploit,101.43.186.153,3790,MetasploitSelfSignedCA,,Tencent Cloud Computing (Beijing) Co., Ltd
Metasploit,124.221.138.137,3790,MetasploitSelfSignedCA,,Tencent cloud computing (Beijing) Co., Ltd.
Metasploit,217.114.222.12,3790,MetasploitSelfSignedCA,,Hellserver IP Network
Metasploit,52.66.216.6,3790,MetasploitSelfSignedCA,,Amazon Data Services India
Metasploit,3.110.198.193,3790,MetasploitSelfSignedCA,,Amazon Data Services India
Metasploit,89.234.181.148,3790,MetasploitSelfSignedCA,,Association PulseHeberg IPv4 Network
Metasploit,119.91.158.254,3790,MetasploitSelfSignedCA,,Tencent cloud computing (Beijing) Co., Ltd.
Metasploit,121.4.50.245,3790,MetasploitSelfSignedCA,,Tencent cloud computing (Beijing) Co., Ltd.
Metasploit,81.69.189.231,3790,MetasploitSelfSignedCA,,Tencent Cloud Computing (Beijing) Co., Ltd
Metasploit,46.19.33.254,3790,MetasploitSelfSignedCA,,Tilaa
Metasploit,3.110.91.111,3790,MetasploitSelfSignedCA,,Amazon Data Services India
Metasploit,101.42.138.110,3790,MetasploitSelfSignedCA,,Tencent Cloud Computing (Beijing) Co., Ltd
Metasploit,185.10.228.203,3790,MetasploitSelfSignedCA,,Softlayer Corporate C
Metasploit,3.110.110.82,3790,MetasploitSelfSignedCA,,Amazon Data Services India
Metasploit,209.126.84.12,3790,MetasploitSelfSignedCA,,Contabo Inc.
Metasploit,185.82.219.232,3790,MetasploitSelfSignedCA,,ITLDC EU2.SOF Datacenter Network
Metasploit,193.168.7.41,3790,MetasploitSelfSignedCA,,Thinxx GmbH
Metasploit,198.7.57.144,3790,MetasploitSelfSignedCA,,Leaseweb USA, Inc.
Metasploit,3.110.82.164,3790,MetasploitSelfSignedCA,,Amazon Data Services India
Metasploit,52.188.13.228,3790,MetasploitSelfSignedCA,,Microsoft Corporation
Metasploit,65.1.166.131,3790,MetasploitSelfSignedCA,,Amazon Data Services India
Metasploit,3.110.99.103,3790,MetasploitSelfSignedCA,,Amazon Data Services India
Metasploit,54.200.127.179,3790,MetasploitSelfSignedCA,,Amazon.com, Inc.
Metasploit,66.235.175.88,3790,MetasploitSelfSignedCA,,HopOne Internet Corporation
Metasploit,51.89.181.73,3790,MetasploitSelfSignedCA,,OVH Ltd
Metasploit,77.75.230.101,3790,MetasploitSelfSignedCA,,STARK INDUSTRIES SOLUTIONS LTD
Metasploit,65.2.56.73,3790,MetasploitSelfSignedCA,,Amazon Data Services India
Metasploit,95.214.24.72,3790,MetasploitSelfSignedCA,,Des Capital B.V.
Metasploit,116.204.211.193,443,MetasploitSelfSignedCA,nginx,
Metasploit,178.18.252.98,3790,MetasploitSelfSignedCA,,Contabo GmbH
Metasploit,3.7.59.96,3790,MetasploitSelfSignedCA,,Amazon Data Services India
Metasploit,193.43.146.11,3790,MetasploitSelfSignedCA,,STARK INDUSTRIES SOLUTIONS LTD.
Metasploit,103.86.45.105,3790,MetasploitSelfSignedCA,,MOACK
Metasploit,185.243.115.50,3790,MetasploitSelfSignedCA,,CrownCloud
Metasploit,165.227.136.106,3790,MetasploitSelfSignedCA,,DigitalOcean, LLC
Metasploit,161.97.120.179,3790,MetasploitSelfSignedCA,,Contabo GmbH
Metasploit,183.63.115.120,3790,MetasploitSelfSignedCA,,CHINANET Guangdong province network
Metasploit,120.48.47.208,3790,MetasploitSelfSignedCA,,Beijing Baidu Netcom Science and Technology Co., Ltd.
Metasploit,15.207.104.23,3790,MetasploitSelfSignedCA,,Amazon Data Services India
Metasploit,119.91.120.76,3790,MetasploitSelfSignedCA,,Tencent cloud computing (Beijing) Co., Ltd.
Metasploit,54.221.105.212,3790,MetasploitSelfSignedCA,,Amazon Data Services NoVa
Metasploit,43.205.141.97,3790,MetasploitSelfSignedCA,,Amazon.com, Inc.
Metasploit,124.221.212.215,3790,MetasploitSelfSignedCA,,Tencent cloud computing (Beijing) Co., Ltd.
Metasploit,3.110.75.244,3790,MetasploitSelfSignedCA,,Amazon Data Services India
Metasploit,3.110.141.78,3790,MetasploitSelfSignedCA,,Amazon Data Services India
Metasploit,3.110.82.23,3790,MetasploitSelfSignedCA,,Amazon Data Services India
Metasploit,51.77.245.133,3790,MetasploitSelfSignedCA,,OVH SAS
Metasploit,46.22.115.250,3790,MetasploitSelfSignedCA,,AxByte Internet Services AB
Metasploit,43.205.123.25,3790,MetasploitSelfSignedCA,,Amazon.com, Inc.
Metasploit,106.55.147.9,3790,MetasploitSelfSignedCA,,Tencent cloud computing (Beijing) Co., Ltd.
Metasploit,3.111.46.99,3790,MetasploitSelfSignedCA,,Amazon Data Services India
Metasploit,134.195.14.36,3790,MetasploitSelfSignedCA,,Hyper Expert, LLC
Metasploit,81.68.69.7,3790,MetasploitSelfSignedCA,,Tencent Cloud Computing (Beijing) Co., Ltd
Metasploit,1.15.134.159,3790,MetasploitSelfSignedCA,,Tencent cloud computing (Beijing) Co., Ltd.
Metasploit,52.66.234.45,3790,MetasploitSelfSignedCA,,Amazon Data Services India
Metasploit,3.110.53.202,3790,MetasploitSelfSignedCA,,Amazon Data Services India
Metasploit,108.60.206.15,3790,MetasploitSelfSignedCA,,Database Mart LLC
Metasploit,3.111.50.152,3790,MetasploitSelfSignedCA,,Amazon Data Services India
Metasploit,65.0.123.249,3790,MetasploitSelfSignedCA,,Amazon Data Services India
Metasploit,42.192.41.16,3790,MetasploitSelfSignedCA,,Tencent cloud computing (Beijing) Co., Ltd.
Metasploit,222.71.81.195,3790,MetasploitSelfSignedCA,,CHINANET shanghai province network
BruteRatel,107.148.27.54,443,localhost,Brute Ratel C4,PEG TECH INC
BruteRatel,176.34.152.127,443,sec-consult.com,Brute Ratel C4,CloudFront DUB6
BruteRatel,13.82.141.216,443,R3,Brute Ratel C4,Microsoft Corporation
BruteRatel,54.92.4.22,80,,Brute Ratel C4,Amazon Data Services Japan
BruteRatel,34.226.141.245,443,R3,Brute Ratel C4,Amazon Technologies Inc.
BruteRatel,35.77.140.201,80,,Brute Ratel C4,Amazon Data Services Japan
BruteRatel,44.204.63.95,443,localhost,Brute Ratel C4,Amazon Data Services NoVa
BruteRatel,107.148.27.54,8443,localhost,Brute Ratel C4,PEG TECH INC
BruteRatel,54.249.104.32,80,,Brute Ratel C4,Amazon.com, Inc.
BruteRatel,159.69.175.197,8443,AlphaSSL CA - SHA256 - G2,Brute Ratel C4,Hetzner Online GmbH
BruteRatel,54.249.138.251,80,,Brute Ratel C4,Amazon.com, Inc.
BruteRatel,178.33.38.76,8443,localhost,Brute Ratel C4,OVH GmbH
BruteRatel,167.172.140.210,443,localhost,Brute Ratel C4,DigitalOcean, LLC
BruteRatel,94.102.49.64,443,localhost,Brute Ratel C4,Incrediserve LTD
BruteRatel,13.113.188.183,80,,Brute Ratel C4,Amazon Data Services Japan
BruteRatel,164.90.181.205,443,R3,Brute Ratel C4,DigitalOcean, LLC
BruteRatel,152.67.78.82,443,TrustAsia RSA DV TLS CA G2,Brute Ratel C4,Oracle Public Cloud
Mythic,139.144.19.118,7443,,Mythic,Linode
Mythic,68.183.132.227,7443,,Mythic,DigitalOcean, LLC
Mythic,209.249.134.6,7443,,Mythic,Booz Allen Hamilton Inc.
Mythic,59.110.169.183,7443,,Mythic,Aliyun Computing Co., LTD
Mythic,204.44.85.16,7443,,Mythic,QuadraNet Enterprises LLC
Mythic,139.59.144.58,7443,,Mythic,DigitalOcean, LLC
Mythic,157.230.93.100,7443,,,DigitalOcean, LLC
Mythic,135.181.207.18,7443,,Mythic,Hetzner Online GmbH
Mythic,103.134.19.125,7443,,,PT. Waluya Istana Nusantara
Mythic,194.233.164.157,7443,,Mythic,Linode, LLC
Mythic,52.205.104.104,7443,,Mythic,Amazon Technologies Inc.
Mythic,173.255.226.84,7443,,Mythic,Linode
Mythic,185.21.191.88,7443,,Mythic,XL Internet Services B.V.
Mythic,38.242.229.200,7443,,Mythic,Cogent Communications
Mythic,13.214.180.60,7443,,Mythic,Amazon Data Services Singapore
Mythic,124.221.250.89,7443,,Mythic,Tencent cloud computing (Beijing) Co., Ltd.
Mythic,178.62.99.183,7443,,Mythic,DigitalOcean London
Mythic,137.184.3.67,7443,,Mythic,DigitalOcean, LLC
Mythic,139.59.72.48,7443,,,DigitalOcean, LLC
Mythic,52.221.205.86,7443,,,Amazon Data Services Singapore
Mythic,20.220.187.29,7443,,Mythic,Microsoft Corporation
Mythic,109.248.6.212,7443,,Mythic,Delta Ltd
Mythic,144.91.122.255,7443,,Mythic,Contabo GmbH
Mythic,147.182.231.226,7443,,Mythic,DigitalOcean, LLC
Mythic,172.105.254.138,7443,,Mythic,Linode
Mythic,165.3.120.26,7443,,Mythic,Woolworths Holdings Limited
Mythic,63.250.44.170,7443,,Mythic,Namecheap, Inc.
Mythic,172.104.175.112,7443,,Mythic,Linode
Mythic,164.90.158.199,7443,,Mythic,DigitalOcean, LLC
Mythic,20.97.116.145,7443,,Mythic,Microsoft Corporation
Mythic,145.239.197.84,7443,,Mythic,OVH SAS
Mythic,142.93.166.252,7443,,Mythic,DigitalOcean, LLC
Mythic,101.35.90.253,7443,,Mythic,Tencent Cloud Computing (Beijing) Co., Ltd
Mythic,16.171.18.142,7443,,Mythic,Amazon Data Services Sweden
Mythic,139.59.249.255,7443,,Mythic,Digital Ocean, Inc.
Mythic,47.96.177.12,7443,,Mythic,Aliyun Computing Co., LTD
Mythic,47.250.53.207,7443,,Mythic,ALICLOUD-MYS
Mythic,208.67.105.91,7443,,Mythic,Serverion LLC
Mythic,70.34.223.234,7443,,Mythic,Vultr
Mythic,159.223.234.22,7443,,Mythic,DigitalOcean, LLC
Mythic,159.203.59.54,7443,,Mythic,DigitalOcean, LLC
Mythic,104.248.136.18,7443,,Mythic,DigitalOcean, LLC
Mythic,159.89.53.38,7443,,Mythic,DigitalOcean, LLC
Mythic,185.238.32.198,7443,,Mythic,SEC Consult Unternehmensberatung GmbH net
Mythic,185.158.94.217,7443,,Mythic,Waves Internet Service LLC
Mythic,3.87.23.190,7443,,Mythic,Amazon Data Services NoVa
Mythic,159.203.182.27,7443,,Mythic,DigitalOcean, LLC
Mythic,66.228.45.170,7443,,Mythic,Linode
Mythic,193.41.237.173,7443,,Mythic,PHP-Friends GmbH
Mythic,20.106.123.23,7443,,Mythic,Microsoft Corporation
Mythic,142.93.141.182,7443,,,DigitalOcean, LLC
Mythic,138.68.127.9,7443,,Mythic,DigitalOcean, LLC
Mythic,3.6.38.215,7443,,Mythic,Amazon Data Services India
Mythic,45.9.191.137,7443,,Mythic,Hostinger International Limited
Mythic,64.227.113.73,7443,,Mythic,DigitalOcean, LLC
Mythic,43.142.174.15,7443,,Mythic,Tencent Cloud Computing (Beijing) Co., Ltd
Mythic,51.77.214.92,7443,,Mythic,OVH SAS
Mythic,46.243.186.22,7443,,Mythic,ITGLOBALCOM RUS LLC
Mythic,185.173.34.42,7443,,Mythic,DR-SOFT-SRL
Mythic,5.2.79.164,7443,,Mythic,The Infrastructure Group B.V.
Mythic,54.173.67.191,7443,,Mythic,Amazon Technologies Inc.
Covenant,44.198.64.113,7443,Covenant,Amazon Data Services NoVa
Covenant,3.131.163.207,7443,Covenant,Amazon Technologies Inc.
Covenant,150.136.90.238,7443,Covenant,Oracle Public Cloud
Covenant,149.248.35.226,7443,Covenant,Vultr Holdings, LLC
Covenant,178.62.200.196,7443,Covenant,DigitalOcean Amsterdam
Covenant,64.227.179.34,7443,Covenant,DigitalOcean, LLC
Covenant,174.138.7.112,8443,Covenant,DigitalOcean, LLC
Covenant,147.182.198.82,7443,Covenant,DigitalOcean, LLC
Covenant,95.179.206.132,7443,Covenant,The Constant Company, LLC
Covenant,18.157.143.36,7443,Covenant,A100 ROW GmbH
Covenant,130.61.124.23,7443,Covenant,Oracle Public Cloud
Covenant,138.68.168.158,7443,Covenant,DigitalOcean, LLC
Covenant,66.42.39.43,7443,Covenant,The Constant Company, LLC
Covenant,178.62.32.161,7443,Covenant,DigitalOcean London
Covenant,157.245.143.132,7443,Covenant,DigitalOcean, LLC
Covenant,167.86.83.133,7443,Covenant,Contabo GmbH
Covenant,5.230.73.38,7443,Covenant,GHOSTnet Network used for VPS Hosting Services
Covenant,51.89.73.156,7443,Covenant,Hoster Rock
Covenant,157.230.25.72,7443,Covenant,DigitalOcean, LLC
Covenant,134.209.168.47,7443,Covenant,DigitalOcean, LLC
Covenant,20.90.25.239,7443,Covenant,Microsoft Corporation
Covenant,3.72.11.135,7443,Covenant,A100 ROW GmbH
Covenant,54.178.124.65,7443,Covenant,Amazon Technologies Inc.
Covenant,23.106.123.4,7443,Covenant,Leaseweb Asia Pacific Pte. Ltd.
Covenant,138.68.123.125,8443,Covenant,DigitalOcean, LLC
Covenant,134.209.108.174,7443,Covenant,DigitalOcean, LLC
Covenant,164.92.134.208,7443,Covenant,DigitalOcean, LLC
Covenant,96.126.123.25,7443,Covenant,Linode
Covenant,64.27.27.5,7443,Covenant,Uplink Systems
Covenant,85.214.251.189,7443,Covenant,Strato Rechenzentrum, Berlin
Covenant,202.169.39.5,7443,Covenant,Biznet ISP
Covenant,216.93.199.231,7443,Covenant,Consolidated Communications, Inc.
Covenant,18.134.39.73,7443,Covenant,Amazon Data Services UK
Covenant,3.67.204.148,7443,Covenant,A100 ROW GmbH
Covenant,208.68.39.30,7443,Covenant,DigitalOcean, LLC
Covenant,34.125.10.164,7443,Covenant,Google LLC
Covenant,62.210.252.17,7443,Covenant,Scaleway Dedibox
Covenant,167.99.206.136,7443,Covenant,DigitalOcean, LLC
Covenant,87.242.105.205,443,Covenant,LLC MASTERHOST
Covenant,203.23.128.118,7443,Covenant,BrainStorm Network, Inc
Covenant,158.247.199.220,7443,Covenant,Choopa, LLC
Covenant,194.233.174.126,7443,Covenant,PlusServer GmbH
Covenant,20.187.47.90,7443,Covenant,Microsoft Corporation
Covenant,143.244.142.98,7443,Covenant,DigitalOcean, LLC
Covenant,193.149.176.124,7443,Covenant,BL Networks
Covenant,137.184.16.177,7443,Covenant,DigitalOcean, LLC
Covenant,66.18.171.71,7443,Covenant,TULAROSA COMMUNICATIONS, INC.
