BruteRatel,152.67.78.82,443,TrustAsia RSA DV TLS CA G2,Brute Ratel C4,Oracle Public Cloud
BruteRatel,185.198.26.229,443,localhost,Brute Ratel C4,HostHatch LLC
BruteRatel,178.33.38.76,8443,localhost,Brute Ratel C4,OVH GmbH
BruteRatel,176.34.152.127,443,sec-consult.com,Brute Ratel C4,CloudFront DUB6
BruteRatel,3.99.59.202,443,localhost,Brute Ratel C4,Amazon Data Services Canada
BruteRatel,3.25.139.251,443,R3,,Amazon Corporate Services Pty Ltd
BruteRatel,164.90.181.205,443,R3,,DigitalOcean, LLC
BruteRatel,44.204.63.95,443,localhost,,Amazon Data Services NoVa
BruteRatel,35.74.220.117,80,,AWS ELB,Amazon Data Services Japan
BruteRatel,45.76.155.71,443,localhost,,Vultr Holdings, LLC
BruteRatel,13.82.141.216,443,R3,,Microsoft Corporation
BruteRatel,159.65.114.157,443,localhost,,DigitalOcean, LLC
BruteRatel,159.65.114.157,80,,,DigitalOcean, LLC
BruteRatel,54.93.134.133,443,Amazon,nginx,A100 ROW GmbH
BruteRatel,178.128.98.154,443,localhost,,DigitalOcean, LLC
BruteRatel,3.17.10.52,443,localhost,,Amazon Technologies Inc.
BruteRatel,138.68.50.218,443,localhost,,DigitalOcean, LLC
BruteRatel,3.144.154.208,443,,,Amazon Technologies Inc.
BruteRatel,70.34.214.250,443,R3,,Vultr
BruteRatel,31.184.198.83,443,localhost,,public vlans of DC
BruteRatel,170.254.185.1,443,R3,Apache httpd,ok virtual provedor de internet ltda
BruteRatel,216.250.96.208,443,localhost,,HostHatch Hong Kong
BruteRatel,18.217.179.8,443,localhost,,Amazon Technologies Inc.
BruteRatel,159.65.144.75,443,,,DigitalOcean, LLC
BruteRatel,70.34.214.250,8443,R3,,The Constant Company, LLC
BruteRatel,170.254.185.1,80,,Apache httpd,ok virtual provedor de internet ltda
BruteRatel,146.190.225.79,443,,,DigitalOcean, LLC
BruteRatel,34.250.32.179,443,sec-consult.com,,Amazon Data Services Ireland Limited
BruteRatel,13.79.28.122,443,localhost,,Microsoft Corporation
BruteRatel,54.194.184.233,443,R3,,Amazon.com, Inc.
BruteRatel,54.229.102.30,443,R3,,Amazon.com, Inc.
BruteRatel,185.193.125.142,443,R3,nginx,Njalla
BruteRatel,194.87.70.14,10443,localhost,,LLC Baxet
BruteRatel,167.71.12.46,443,infratech.com,,DigitalOcean, LLC
BruteRatel,18.176.11.157,80,,AWS ELB,Amazon Data Services Japan
BruteRatel,147.182.247.103,443,localhost,,DigitalOcean, LLC
BruteRatel,162.216.240.61,4443,localhost,,Dynu Systems Incorporated
BruteRatel,142.93.230.121,443,infratech.com,,DigitalOcean, LLC
BruteRatel,3.27.18.66,443,R3,,Amazon Corporate Services Pty Ltd
BruteRatel,20.74.155.146,443,R3,,Microsoft Corporation
BruteRatel,54.92.22.199,80,,AWS ELB,Amazon Data Services Japan
BruteRatel,85.208.22.36,443,,,Clouding.io Virtual Machine Hosting
BruteRatel,45.144.225.3,443,localhost,,Serverion BV
