Covenant,3.72.11.135,7443,Covenant,A100 ROW GmbH
Covenant,18.134.39.73,7443,Covenant,Amazon Data Services UK
Covenant,149.248.35.226,7443,Covenant,Vultr Holdings, LLC
Covenant,143.244.142.98,7443,Covenant,DigitalOcean, LLC
Covenant,34.125.10.164,7443,Covenant,Google LLC
Covenant,138.68.168.158,7443,Covenant,DigitalOcean, LLC
Covenant,54.166.26.62,7443,Covenant,Amazon Technologies Inc.
Covenant,158.247.199.220,7443,Covenant,The Constant Company, LLC
Covenant,134.209.108.174,7443,Covenant,DigitalOcean, LLC
Covenant,138.68.123.125,8443,Covenant,DigitalOcean, LLC
Covenant,3.128.128.66,7443,Covenant,Amazon Technologies Inc.
Covenant,167.71.72.174,7443,Covenant,DigitalOcean, LLC
Covenant,164.92.134.208,7443,Covenant,DigitalOcean, LLC
Covenant,155.138.196.53,7443,,Vultr Holdings, LLC
Covenant,150.136.90.238,7443,,Oracle Public Cloud
Covenant,130.61.124.23,7443,,Oracle Public Cloud
Covenant,159.65.92.62,7443,,DigitalOcean, LLC
Covenant,66.42.39.43,7443,,Choopa, LLC
Covenant,174.138.7.112,8443,,DigitalOcean, LLC
Covenant,176.58.121.121,7443,,Linode, LLC
Covenant,107.182.129.146,7443,,
Covenant,45.79.2.201,7443,,Linode
Covenant,85.214.251.189,7443,,Strato Rechenzentrum, Berlin
Covenant,87.242.105.205,443,,LLC MASTERHOST
Covenant,134.209.132.131,7443,,DigitalOcean, LLC
Covenant,157.245.143.132,7443,,DigitalOcean, LLC
Covenant,185.45.195.18,7443,,HostSailor US Services
Covenant,172.81.60.10,7443,,Dynu Systems Incorporated
Covenant,217.160.193.134,7443,,1&1 IONOS SE
Covenant,139.59.70.91,7443,,DigitalOcean, LLC
Covenant,194.87.84.137,7443,,Des Capital B.V.
Covenant,193.105.134.145,443,,AMATI FOUNDATION
Covenant,64.227.179.34,7443,,DigitalOcean, LLC
Covenant,51.89.73.156,7443,,Hoster Rock
Covenant,138.197.108.50,7443,,DigitalOcean, LLC
Covenant,194.87.84.139,7443,,1STEP HOSTING LIMITED
Covenant,185.112.35.152,7443,,Asiatech Data Transmission company
Covenant,167.99.206.136,7443,,DigitalOcean, LLC
Covenant,116.203.252.63,7443,,Hetzner Online GmbH
Covenant,3.67.204.148,7443,,A100 ROW GmbH
Covenant,80.78.27.133,7443,,ab stract
Covenant,143.198.174.221,7443,,DigitalOcean, LLC
Covenant,137.184.177.162,7443,,DigitalOcean, LLC
Covenant,99.112.162.70,7443,,AT&T Corp.
Covenant,128.199.70.1,7443,,DigitalOcean, LLC
Covenant,45.56.75.103,7443,,Linode
Covenant,167.179.92.133,7443,,The Constant Company, LLC
Covenant,93.115.26.76,7443,,UAB Cherry Servers
Covenant,109.202.192.126,7443,,Init7 (Switzerland) Ltd.
Covenant,161.97.66.145,7443,,Contabo GmbH
