CobaltStrike,179.60.150.79,80,,Cobalt Strike Beacon,MAXWELL GROUP LTD
CobaltStrike,43.142.184.130,80,,Cobalt Strike Beacon,Tencent Cloud Computing (Beijing) Co., Ltd
CobaltStrike,43.143.18.45,8443,Suan,Cobalt Strike Beacon,Tencent Cloud Computing (Beijing) Co., Ltd
CobaltStrike,210.212.152.202,80,,Cobalt Strike Beacon,jindal steel n power ltd
CobaltStrike,121.5.129.43,80,,Cobalt Strike Beacon,Tencent cloud computing (Beijing) Co., Ltd.
CobaltStrike,198.148.126.33,443,,Cobalt Strike Beacon,MULTACOM CORPORATION
CobaltStrike,121.37.101.254,443,*.microsoft.com,Cobalt Strike Beacon,Huawei Public Cloud Service (Huawei Software Technologies Ltd.Co)
CobaltStrike,106.75.231.15,443,US,Cobalt Strike Beacon,Shanghai UCloud Information Technology Company Limited
CobaltStrike,150.158.193.194,6000,,Cobalt Strike Beacon,Tencent Cloud Computing (Beijing) Co., Ltd
CobaltStrike,3.11.13.108,443,,Cobalt Strike Beacon,Amazon Data Services UK
CobaltStrike,106.12.200.207,80,,Cobalt Strike Beacon,Beijing Baidu Netcom Science and Technology Co., Ltd.
CobaltStrike,104.168.9.201,9999,,Cobalt Strike Beacon,Global Cloud Line
CobaltStrike,43.142.99.228,8123,,Cobalt Strike Beacon,Tencent Cloud Computing (Beijing) Co., Ltd
CobaltStrike,150.158.138.113,80,,Cobalt Strike Beacon,Tencent Cloud Computing (Beijing) Co., Ltd
CobaltStrike,46.29.160.14,8080,,Cobalt Strike Beacon,LLC Baxet
CobaltStrike,43.138.27.134,6666,,Cobalt Strike Beacon,Tencent Cloud Computing (Beijing) Co., Ltd
CobaltStrike,106.55.227.87,8800,,Cobalt Strike Beacon,Tencent cloud computing (Beijing) Co., Ltd.
CobaltStrike,144.217.24.208,443,R3,Cobalt Strike Beacon,OVH Hosting, Inc.
CobaltStrike,209.141.55.224,443,,Cobalt Strike Beacon,FranTech Solutions
CobaltStrike,185.143.223.90,80,,Cobalt Strike Beacon,Partner LLC
CobaltStrike,58.87.84.253,443,,Cobalt Strike Beacon,Tencent cloud computing (Beijing) Co., Ltd.
CobaltStrike,13.40.37.251,443,,Cobalt Strike Beacon,Amazon Data Services UK
CobaltStrike,222.128.117.243,2087,www.qianxin.com,Cobalt Strike Beacon,China Unicom Beijing province network
CobaltStrike,1.13.176.232,443,,Cobalt Strike Beacon,Tencent cloud computing (Beijing) Co., Ltd.
CobaltStrike,5.44.42.45,80,,Cobalt Strike Beacon,GLOBAL INTERNET SOLUTIONS LLC
CobaltStrike,209.133.211.242,9999,,Cobalt Strike Beacon,HIVELOCITY, Inc.
CobaltStrike,92.222.172.39,80,,Cobalt Strike Beacon,OVH SAS
CobaltStrike,47.113.192.46,443,,Cobalt Strike Beacon,Aliyun Computing Co., LTD
CobaltStrike,124.222.125.194,443,,Cobalt Strike Beacon,Tencent cloud computing (Beijing) Co., Ltd.
CobaltStrike,101.43.41.152,443,,Cobalt Strike Beacon,Tencent Cloud Computing (Beijing) Co., Ltd
CobaltStrike,198.44.140.108,8080,,Cobalt Strike Beacon,tzulo, inc.
CobaltStrike,42.51.40.232,2082,,Cobalt Strike Beacon,Henan Telcom Union Technology Co., LTD
CobaltStrike,139.155.90.81,9999,,Cobalt Strike Beacon,Tencent cloud computing (Beijing) Co., Ltd.
CobaltStrike,43.142.107.110,80,,Cobalt Strike Beacon,Tencent Cloud Computing (Beijing) Co., Ltd
CobaltStrike,179.43.187.92,443,,Cobalt Strike Beacon,PRIVATE LAYER INC
CobaltStrike,106.54.168.113,443,,Cobalt Strike Beacon,Tencent cloud computing (Beijing) Co., Ltd.
CobaltStrike,119.3.177.228,80,,Cobalt Strike Beacon,Huawei Public Cloud Service (Huawei Software Technologies Ltd.Co)
CobaltStrike,47.98.249.249,443,,Cobalt Strike Beacon,Aliyun Computing Co., LTD
CobaltStrike,138.68.129.139,443,,Cobalt Strike Beacon,DigitalOcean, LLC
CobaltStrike,138.2.87.40,80,,Cobalt Strike Beacon,Oracle Corporation
CobaltStrike,194.190.152.180,80,,Cobalt Strike Beacon,Autonomous Nonprofit Organisation Russian Scientific-Research Institute for Public Networks
CobaltStrike,31.44.184.232,443,,Cobalt Strike Beacon,Petersburg Internet Network ltd.
CobaltStrike,170.187.163.119,80,,Cobalt Strike Beacon,Linode
CobaltStrike,149.255.35.160,443,R3,Cobalt Strike Beacon,Hivelocity Inc
CobaltStrike,162.14.116.148,443,,Cobalt Strike Beacon,Tencent Cloud Computing (Beijing) Co., Ltd
CobaltStrike,42.193.21.170,6379,,Cobalt Strike Beacon,Tencent cloud computing (Beijing) Co., Ltd.
CobaltStrike,188.166.16.172,443,R3,Cobalt Strike Beacon,Digital Ocean, Inc.
CobaltStrike,121.37.200.66,80,,Cobalt Strike Beacon,Huawei Public Cloud Service (Huawei Software Technologies Ltd.Co)
CobaltStrike,45.8.158.25,443,,Cobalt Strike Beacon,LLC Baxet
CobaltStrike,8.142.69.99,55443,,Cobalt Strike Beacon,Aliyun Computing Co.LTD
CobaltStrike,185.81.68.45,80,,Cobalt Strike Beacon,Transcom LLC
CobaltStrike,43.143.116.83,443,ZhongGuo,Cobalt Strike Beacon,Tencent Cloud Computing (Beijing) Co., Ltd
CobaltStrike,101.132.182.180,443,key,Cobalt Strike Beacon,Aliyun Computing Co., LTD
CobaltStrike,81.71.161.163,80,,Cobalt Strike Beacon,Tencent Cloud Computing (Beijing) Co., Ltd
CobaltStrike,47.113.188.133,80,,Cobalt Strike Beacon,Aliyun Computing Co., LTD
CobaltStrike,110.42.230.216,80,,Cobalt Strike Beacon,Tencent cloud computing (Beijing) Co., Ltd.
CobaltStrike,15.235.155.140,443,,Cobalt Strike Beacon,OVH Singapore PTE. LTD
CobaltStrike,101.42.229.118,443,,Cobalt Strike Beacon,Tencent Cloud Computing (Beijing) Co., Ltd
CobaltStrike,194.165.16.83,443,R3,Cobalt Strike Beacon,Flyservers S.A.
CobaltStrike,43.143.116.83,80,,Cobalt Strike Beacon,Tencent Cloud Computing (Beijing) Co., Ltd
CobaltStrike,180.76.128.244,80,,Cobalt Strike Beacon,Beijing Baidu Netcom Science and Technology Co., Ltd.
CobaltStrike,45.62.121.214,443,,Cobalt Strike Beacon,IT7 Networks Inc
CobaltStrike,43.142.180.251,443,,Cobalt Strike Beacon,Tencent Cloud Computing (Beijing) Co., Ltd
CobaltStrike,49.234.143.151,80,,Cobalt Strike Beacon,Tencent cloud computing (Beijing) Co., Ltd.
CobaltStrike,51.13.117.44,80,,Cobalt Strike Beacon,Microsoft Limited UK
CobaltStrike,123.60.107.100,80,,Cobalt Strike Beacon,Huawei Public Cloud Service (Huawei Software Technologies Ltd.Co)
CobaltStrike,167.71.193.32,443,stackexchange.com,Cobalt Strike Beacon,DigitalOcean, LLC
CobaltStrike,179.60.146.25,443,R3,Cobalt Strike Beacon,DATASOLUTIONS S.A.
CobaltStrike,47.99.177.59,5555,,Cobalt Strike Beacon,Aliyun Computing Co., LTD
CobaltStrike,121.5.116.190,443,,Cobalt Strike Beacon,Tencent cloud computing (Beijing) Co., Ltd.
CobaltStrike,5.188.86.235,443,,Cobalt Strike Beacon,pool for VPS and Cloud hosting
CobaltStrike,58.87.84.253,2083,,Cobalt Strike Beacon,Tencent cloud computing (Beijing) Co., Ltd.
CobaltStrike,77.73.133.59,8080,,Cobalt Strike Beacon,LetHost LLC
CobaltStrike,152.136.12.64,80,,Cobalt Strike Beacon,Tencent Cloud Computing (Beijing) Co., Ltd
CobaltStrike,143.244.146.115,443,R3,Cobalt Strike Beacon,DigitalOcean, LLC
CobaltStrike,119.23.179.218,443,,Cobalt Strike Beacon,Aliyun Computing Co., LTD
CobaltStrike,194.165.16.53,443,R3,Cobalt Strike Beacon,Flyservers S.A.
CobaltStrike,58.87.84.253,80,,Cobalt Strike Beacon,Tencent cloud computing (Beijing) Co., Ltd.
CobaltStrike,81.69.39.123,8443,,Cobalt Strike Beacon,Tencent Cloud Computing (Beijing) Co., Ltd
CobaltStrike,216.127.175.37,8080,,Cobalt Strike Beacon,MULTACOM CORPORATION
CobaltStrike,43.140.244.151,8099,,Cobalt Strike Beacon,Tencent Cloud Computing (Beijing) Co., Ltd
CobaltStrike,159.75.229.51,443,,Cobalt Strike Beacon,Tencent Cloud Computing (Beijing) Co., Ltd
CobaltStrike,20.63.59.253,443,,Cobalt Strike Beacon,Microsoft Corporation
CobaltStrike,8.131.118.10,80,,Cobalt Strike Beacon,Aliyun Computing Co.LTD
CobaltStrike,78.128.112.139,443,,Cobalt Strike Beacon,Lir.bg EOOD
CobaltStrike,3.15.230.144,80,,Cobalt Strike Beacon,Amazon Technologies Inc.
CobaltStrike,20.63.59.253,80,,Cobalt Strike Beacon,Microsoft Corporation
CobaltStrike,180.215.126.90,8443,Managed CA 494b76edb536395cd46fcec6382bb25a,Cobalt Strike Beacon,CTG Server Ltd.
CobaltStrike,82.156.29.211,9999,,Cobalt Strike Beacon,Tencent Cloud Computing (Beijing) Co., Ltd
CobaltStrike,120.48.122.130,443,,Cobalt Strike Beacon,Beijing Baidu Netcom Science and Technology Co., Ltd.
CobaltStrike,138.68.187.184,80,,Cobalt Strike Beacon,DigitalOcean, LLC
CobaltStrike,47.96.132.96,443,,Cobalt Strike Beacon,Aliyun Computing Co., LTD
CobaltStrike,139.196.110.126,6666,,Cobalt Strike Beacon,Aliyun Computing Co., LTD
CobaltStrike,167.172.27.46,8084,,Cobalt Strike Beacon,DigitalOcean, LLC
CobaltStrike,149.255.35.160,80,,Cobalt Strike Beacon,Hivelocity Inc
CobaltStrike,107.174.138.166,9443,R3,Cobalt Strike Beacon,VPS ACE
CobaltStrike,47.103.30.47,8010,,Cobalt Strike Beacon,Aliyun Computing Co., LTD
CobaltStrike,110.42.232.158,80,,Cobalt Strike Beacon,Tencent cloud computing (Beijing) Co., Ltd.
CobaltStrike,144.172.118.86,80,,Cobalt Strike Beacon,Data Ideas llc.
