ip,hostname,bogon,anycast,city,region,country,country_name,isEU,loc,org,postal,timezone,asn_id,asn_asn,asn_domain,asn_route,asn_type,company_name,company_domain,company_type,carrier_name,carrier_mcc,carrier_mnc,privacy_vpn,privacy_proxy,privacy_tor,privacy_relay,privacy_hosting,privacy_service,abuse_address,abuse_country,abuse_country_name,abuse_email,abuse_name,abuse_network,abuse_phone,domains_total
147.182.198.82,,false,false,Santa Clara,California,US,United States,false,"37.3924,-121.9623","AS14061 DigitalOcean, LLC",95054,America/Los_Angeles,,,,,,,,,,,,,,,,,,,,,,,,,
159.203.59.54,,false,false,Toronto,Ontario,CA,Canada,false,"43.7001,-79.4163","AS14061 DigitalOcean, LLC",M5A,America/Toronto,,,,,,,,,,,,,,,,,,,,,,,,,
203.95.193.100,,false,false,Hong Kong,Central and Western,HK,Hong Kong,false,"22.2783,114.1747",AS63888 TISP LIMITED,,Asia/Hong_Kong,,,,,,,,,,,,,,,,,,,,,,,,,
43.154.27.211,,false,false,Hong Kong,Central and Western,HK,Hong Kong,false,"22.2783,114.1747","AS132203 Tencent Building, Kejizhongyi Avenue",,Asia/Hong_Kong,,,,,,,,,,,,,,,,,,,,,,,,,
143.47.228.54,,false,false,London,England,GB,United Kingdom,false,"51.5085,-0.1257",AS31898 Oracle Corporation,EC1A,Europe/London,,,,,,,,,,,,,,,,,,,,,,,,,
101.43.186.153,,false,false,Shanghai,Shanghai,CN,China,false,"31.2222,121.4581",AS45090 Shenzhen Tencent Computer Systems Company Limited,,Asia/Shanghai,,,,,,,,,,,,,,,,,,,,,,,,,
190.14.159.20,ppp-159-20.telcocom.com.ar,false,false,Chimpay,Rio Negro,AR,Argentina,false,"-39.1648,-66.1424",AS52322 TELCOCOM,8364,America/Argentina/Salta,,,,,,,,,,,,,,,,,,,,,,,,,
34.91.186.44,44.186.91.34.bc.googleusercontent.com,false,false,Groningen,Groningen,NL,Netherlands,true,"53.2192,6.5667",AS396982 Google LLC,9711,Europe/Amsterdam,,,,,,,,,,,,,,,,,,,,,,,,,
178.62.200.196,,false,false,Amsterdam,North Holland,NL,Netherlands,true,"52.3740,4.8897","AS14061 DigitalOcean, LLC",1012,Europe/Amsterdam,,,,,,,,,,,,,,,,,,,,,,,,,
194.156.120.146,mail.zzwzv.cn,false,false,Novosibirsk,Novosibirsk Oblast,RU,Russia,false,"55.0415,82.9346",AS49392 LLC Baxet,630000,Asia/Novosibirsk,,,,,,,,,,,,,,,,,,,,,,,,,
160.20.145.111,111.145.20.160,false,false,Langen,Hesse,DE,Germany,true,"49.9896,8.6685",AS30823 combahton GmbH,63225,Europe/Berlin,,,,,,,,,,,,,,,,,,,,,,,,,
39.103.189.229,,false,false,Beijing,Beijing,CN,China,false,"39.9075,116.3972","AS37963 Hangzhou Alibaba Advertising Co.,Ltd.",,Asia/Shanghai,,,,,,,,,,,,,,,,,,,,,,,,,
92.222.159.75,,false,false,Paris,Île-de-France,FR,France,true,"48.8534,2.3488",AS16276 OVH SAS,75000,Europe/Paris,,,,,,,,,,,,,,,,,,,,,,,,,
47.100.187.102,,false,false,Shanghai,Shanghai,CN,China,false,"31.2222,121.4581","AS37963 Hangzhou Alibaba Advertising Co.,Ltd.",,Asia/Shanghai,,,,,,,,,,,,,,,,,,,,,,,,,
82.157.110.128,,false,false,Beijing,Beijing,CN,China,false,"39.9075,116.3972",AS45090 Shenzhen Tencent Computer Systems Company Limited,,Asia/Shanghai,,,,,,,,,,,,,,,,,,,,,,,,,
52.138.143.143,,false,false,Dublin,Leinster,IE,Ireland,true,"53.3331,-6.2489",AS8075 Microsoft Corporation,D02,Europe/Dublin,,,,,,,,,,,,,,,,,,,,,,,,,
213.226.123.170,,false,false,Saint Petersburg,St.-Petersburg,RU,Russia,false,"59.9386,30.3141",AS49943 IT Resheniya LLC,190000,Europe/Moscow,,,,,,,,,,,,,,,,,,,,,,,,,
3.72.11.135,ec2-3-72-11-135.eu-central-1.compute.amazonaws.com,false,false,Frankfurt am Main,Hesse,DE,Germany,true,"50.1025,8.6299","AS16509 Amazon.com, Inc.",60326,Europe/Berlin,,,,,,,,,,,,,,,,,,,,,,,,,
103.146.141.98,,false,false,Sham Shui Po,Sham Shui Po,HK,Hong Kong,false,"22.3302,114.1595",AS142403 YISU CLOUD LTD,,Asia/Hong_Kong,,,,,,,,,,,,,,,,,,,,,,,,,
47.112.227.200,,false,false,Shenzhen,Zhejiang,CN,China,false,"29.4159,121.3397","AS37963 Hangzhou Alibaba Advertising Co.,Ltd.",,Asia/Shanghai,,,,,,,,,,,,,,,,,,,,,,,,,
165.227.85.160,,false,false,North Bergen,New Jersey,US,United States,false,"40.8043,-74.0121","AS14061 DigitalOcean, LLC",07047,America/New_York,,,,,,,,,,,,,,,,,,,,,,,,,
18.203.231.121,ec2-18-203-231-121.eu-west-1.compute.amazonaws.com,false,false,Dublin,Leinster,IE,Ireland,true,"53.3331,-6.2489","AS16509 Amazon.com, Inc.",D02,Europe/Dublin,,,,,,,,,,,,,,,,,,,,,,,,,
62.182.159.147,,false,false,Saint Petersburg,St.-Petersburg,RU,Russia,false,"59.9386,30.3141",AS49505 OOO Network of data-centers Selectel,190000,Europe/Moscow,,,,,,,,,,,,,,,,,,,,,,,,,
5.182.17.134,vmi1040070.contaboserver.net,false,false,Köln,North Rhine-Westphalia,DE,Germany,true,"50.9333,6.9500",AS51167 Contabo GmbH,50667,Europe/Berlin,,,,,,,,,,,,,,,,,,,,,,,,,
13.82.141.216,,false,false,Hampden Sydney,Virginia,US,United States,false,"37.3058,-78.5462",AS8075 Microsoft Corporation,23960,America/New_York,,,,,,,,,,,,,,,,,,,,,,,,,
68.183.84.23,,false,false,Doddaballapura,Karnataka,IN,India,false,"13.2257,77.5750","AS14061 DigitalOcean, LLC",560100,Asia/Kolkata,,,,,,,,,,,,,,,,,,,,,,,,,
118.195.177.151,,false,false,Beijing,Beijing,CN,China,false,"39.9075,116.3972",AS45090 Shenzhen Tencent Computer Systems Company Limited,,Asia/Shanghai,,,,,,,,,,,,,,,,,,,,,,,,,
1.14.122.215,,false,false,Beijing,Beijing,CN,China,false,"39.9075,116.3972",AS45090 Shenzhen Tencent Computer Systems Company Limited,,Asia/Shanghai,,,,,,,,,,,,,,,,,,,,,,,,,
119.91.31.246,,false,false,Beijing,Beijing,CN,China,false,"39.9075,116.3972",AS45090 Shenzhen Tencent Computer Systems Company Limited,,Asia/Shanghai,,,,,,,,,,,,,,,,,,,,,,,,,
145.239.91.129,vps-f78575ac.vps.ovh.net,false,false,Warsaw,Mazovia,PL,Poland,true,"52.2298,21.0118",AS16276 OVH SAS,00-002,Europe/Warsaw,,,,,,,,,,,,,,,,,,,,,,,,,
65.108.227.57,static.57.227.108.65.clients.your-server.de,false,false,Helsinki,Uusimaa,FI,Finland,true,"60.1695,24.9354",AS24940 Hetzner Online GmbH,00100,Europe/Helsinki,,,,,,,,,,,,,,,,,,,,,,,,,
3.111.49.162,ec2-3-111-49-162.ap-south-1.compute.amazonaws.com,false,false,Mumbai,Maharashtra,IN,India,false,"19.0728,72.8826","AS16509 Amazon.com, Inc.",400070,Asia/Kolkata,,,,,,,,,,,,,,,,,,,,,,,,,
70.34.214.252,70.34.214.252.vultrusercontent.com,false,false,Stockholm,Stockholm,SE,Sweden,true,"59.3833,17.9167","AS20473 The Constant Company, LLC",163 53,Europe/Stockholm,,,,,,,,,,,,,,,,,,,,,,,,,
150.158.94.183,,false,false,Shanghai,Shanghai,CN,China,false,"31.2222,121.4581",AS45090 Shenzhen Tencent Computer Systems Company Limited,,Asia/Shanghai,,,,,,,,,,,,,,,,,,,,,,,,,
70.34.213.15,70.34.213.15.vultrusercontent.com,false,false,Stockholm,Stockholm,SE,Sweden,true,"59.3833,17.9167","AS20473 The Constant Company, LLC",163 53,Europe/Stockholm,,,,,,,,,,,,,,,,,,,,,,,,,
149.248.35.226,149.248.35.226.vultrusercontent.com,false,false,Seattle,Washington,US,United States,false,"47.6151,-122.3447","AS20473 The Constant Company, LLC",98121,America/Los_Angeles,,,,,,,,,,,,,,,,,,,,,,,,,
139.59.144.58,,false,false,Frankfurt am Main,Hesse,DE,Germany,true,"50.1025,8.6299","AS14061 DigitalOcean, LLC",60326,Europe/Berlin,,,,,,,,,,,,,,,,,,,,,,,,,
194.44.230.201,,false,false,Lviv,Lviv Oblast,UA,Ukraine,false,"49.8383,24.0232",AS3255 State Enterprise Scientific and Telecommunication Centre Ukrainian Academic and Research Network of the Institute for Condensed Matter Physics of the National Academy of Science of Ukraine (UARNet),79011,Europe/Kyiv,,,,,,,,,,,,,,,,,,,,,,,,,
58.87.84.253,,false,false,Shenzhen,Guangdong,CN,China,false,"22.5455,114.0683",AS45090 Shenzhen Tencent Computer Systems Company Limited,,Asia/Shanghai,,,,,,,,,,,,,,,,,,,,,,,,,
91.198.77.194,,false,false,Amsterdam,North Holland,NL,Netherlands,true,"52.3710,4.9041",AS211895 Serverius Holding B.V.,1011,Europe/Amsterdam,,,,,,,,,,,,,,,,,,,,,,,,,
39.99.128.40,,false,false,Beijing,Beijing,CN,China,false,"39.9075,116.3972","AS37963 Hangzhou Alibaba Advertising Co.,Ltd.",,Asia/Shanghai,,,,,,,,,,,,,,,,,,,,,,,,,
43.132.147.159,,false,false,Hong Kong,Central and Western,HK,Hong Kong,false,"22.2783,114.1747","AS132203 Tencent Building, Kejizhongyi Avenue",,Asia/Hong_Kong,,,,,,,,,,,,,,,,,,,,,,,,,
13.114.203.227,ec2-13-114-203-227.ap-northeast-1.compute.amazonaws.com,false,false,Tokyo,Tokyo,JP,Japan,false,"35.6895,139.6917","AS16509 Amazon.com, Inc.",101-8656,Asia/Tokyo,,,,,,,,,,,,,,,,,,,,,,,,,
68.183.132.227,,false,false,North Bergen,New Jersey,US,United States,false,"40.8043,-74.0121","AS14061 DigitalOcean, LLC",07047,America/New_York,,,,,,,,,,,,,,,,,,,,,,,,,
37.17.172.72,hostpost.hu,false,false,Budapest,Budapest,HU,Hungary,true,"47.4984,19.0404",AS61998 SzerverPlex.hu KFT.,1007,Europe/Budapest,,,,,,,,,,,,,,,,,,,,,,,,,
150.158.138.113,,false,false,Shanghai,Shanghai,CN,China,false,"31.2222,121.4581",AS45090 Shenzhen Tencent Computer Systems Company Limited,,Asia/Shanghai,,,,,,,,,,,,,,,,,,,,,,,,,
188.225.73.137,1078753-cf43960.tmweb.ru,false,false,Saint Petersburg,St.-Petersburg,RU,Russia,false,"59.9386,30.3141",AS9123 TimeWeb Ltd.,190000,Europe/Moscow,,,,,,,,,,,,,,,,,,,,,,,,,
192.248.32.211,www.dscs.sjp.ac.lk,false,false,Colombo,Western,LK,Sri Lanka,false,"6.9355,79.8487","AS38229 Lanka Education & Research Network, NREN",00100,Asia/Colombo,,,,,,,,,,,,,,,,,,,,,,,,,
103.134.19.126,,false,false,Jakarta,Jakarta,ID,Indonesia,false,"-6.2146,106.8451",AS138141 PT. Waluya Istana Nusantara,,Asia/Jakarta,,,,,,,,,,,,,,,,,,,,,,,,,
101.35.47.93,,false,false,Shenzhen,Guangdong,CN,China,false,"22.5455,114.0683",AS45090 Shenzhen Tencent Computer Systems Company Limited,,Asia/Shanghai,,,,,,,,,,,,,,,,,,,,,,,,,
66.228.45.170,66-228-45-170.ip.linodeusercontent.com,false,false,Morris Plains,New Jersey,US,United States,false,"40.8223,-74.4569","AS63949 Linode, LLC",07927,America/New_York,,,,,,,,,,,,,,,,,,,,,,,,,
138.68.127.9,,false,false,Frankfurt am Main,Hesse,DE,Germany,true,"50.1025,8.6299","AS14061 DigitalOcean, LLC",60326,Europe/Berlin,,,,,,,,,,,,,,,,,,,,,,,,,
81.19.136.238,,false,false,Kwai Chung,Tsuen Wan,HK,Hong Kong,false,"22.3683,114.1388",AS209272 Alviva Holding Limited,,Asia/Hong_Kong,,,,,,,,,,,,,,,,,,,,,,,,,
103.146.202.61,ip61.202.146.103.in-addr.arpa.unknwn.cloudhost.asia,false,false,Jakarta,Jakarta,ID,Indonesia,false,"-6.2146,106.8451",AS136052 PT Cloud Hosting Indonesia,,Asia/Jakarta,,,,,,,,,,,,,,,,,,,,,,,,,
150.136.90.238,,false,false,Ashburn,Virginia,US,United States,false,"39.0437,-77.4875",AS31898 Oracle Corporation,20147,America/New_York,,,,,,,,,,,,,,,,,,,,,,,,,
18.163.6.122,ec2-18-163-6-122.ap-east-1.compute.amazonaws.com,false,false,Hong Kong,Central and Western,HK,Hong Kong,false,"22.2783,114.1747","AS16509 Amazon.com, Inc.",,Asia/Hong_Kong,,,,,,,,,,,,,,,,,,,,,,,,,
45.32.176.111,45.32.176.111.vultrusercontent.com,false,false,London,England,GB,United Kingdom,false,"51.5085,-0.1257","AS20473 The Constant Company, LLC",EC1A,Europe/London,,,,,,,,,,,,,,,,,,,,,,,,,
101.34.93.112,,false,false,Beijing,Beijing,CN,China,false,"39.9075,116.3972",AS45090 Shenzhen Tencent Computer Systems Company Limited,,Asia/Shanghai,,,,,,,,,,,,,,,,,,,,,,,,,
46.30.189.95,,false,false,Frankfurt am Main,Hesse,DE,Germany,true,"50.1155,8.6842",AS31400 firstcolo GmbH,60306,Europe/Berlin,,,,,,,,,,,,,,,,,,,,,,,,,
85.214.251.189,h2965675.stratoserver.net,false,false,Berlin,Berlin,DE,Germany,true,"52.5244,13.4105",AS6724 Strato AG,10119,Europe/Berlin,,,,,,,,,,,,,,,,,,,,,,,,,
34.126.181.39,39.181.126.34.bc.googleusercontent.com,false,false,Singapore,Singapore,SG,Singapore,false,"1.2897,103.8501",AS396982 Google LLC,018989,Asia/Singapore,,,,,,,,,,,,,,,,,,,,,,,,,
65.108.41.86,static.86.41.108.65.clients.your-server.de,false,false,Helsinki,Uusimaa,FI,Finland,true,"60.1695,24.9354",AS24940 Hetzner Online GmbH,00100,Europe/Helsinki,,,,,,,,,,,,,,,,,,,,,,,,,
101.34.76.186,,false,false,Beijing,Beijing,CN,China,false,"39.9075,116.3972",AS45090 Shenzhen Tencent Computer Systems Company Limited,,Asia/Shanghai,,,,,,,,,,,,,,,,,,,,,,,,,
107.148.27.54,,false,false,Los Angeles,California,US,United States,false,"34.0522,-118.2437",AS398823 PEG TECH INC,90009,America/Los_Angeles,,,,,,,,,,,,,,,,,,,,,,,,,
139.9.142.162,ecs-139-9-142-162.compute.hwclouds-dns.com,false,false,Beijing,Beijing,CN,China,false,"39.9075,116.3972",AS55990 Huawei Cloud Service data center,,Asia/Shanghai,,,,,,,,,,,,,,,,,,,,,,,,,
124.71.145.63,ecs-124-71-145-63.compute.hwclouds-dns.com,false,false,Shanghai,Shanghai,CN,China,false,"31.2222,121.4581",AS55990 Huawei Cloud Service data center,,Asia/Shanghai,,,,,,,,,,,,,,,,,,,,,,,,,
38.87.198.247,,false,false,Miami,Florida,US,United States,false,"25.7867,-80.1800",AS174 Cogent Communications,33132,America/New_York,,,,,,,,,,,,,,,,,,,,,,,,,
124.223.206.101,,false,false,Beijing,Beijing,CN,China,false,"39.9075,116.3972",AS45090 Shenzhen Tencent Computer Systems Company Limited,,Asia/Shanghai,,,,,,,,,,,,,,,,,,,,,,,,,
114.132.124.214,,false,false,Shanghai,Shanghai,CN,China,false,"31.2222,121.4581",AS45090 Shenzhen Tencent Computer Systems Company Limited,,Asia/Shanghai,,,,,,,,,,,,,,,,,,,,,,,,,
104.243.41.123,,false,false,New York City,New York,US,United States,false,"40.7143,-74.0060",AS23470 ReliableSite.Net LLC,10004,America/New_York,,,,,,,,,,,,,,,,,,,,,,,,,
3.131.163.207,ec2-3-131-163-207.us-east-2.compute.amazonaws.com,false,false,Hilliard,Ohio,US,United States,false,"40.0334,-83.1582","AS16509 Amazon.com, Inc.",43026,America/New_York,,,,,,,,,,,,,,,,,,,,,,,,,
82.156.29.211,,false,false,Beijing,Beijing,CN,China,false,"39.9075,116.3972",AS45090 Shenzhen Tencent Computer Systems Company Limited,,Asia/Shanghai,,,,,,,,,,,,,,,,,,,,,,,,,
47.96.177.12,,false,false,Hangzhou,Zhejiang,CN,China,false,"30.2936,120.1614","AS37963 Hangzhou Alibaba Advertising Co.,Ltd.",,Asia/Shanghai,,,,,,,,,,,,,,,,,,,,,,,,,
167.99.206.136,,false,false,London,England,GB,United Kingdom,false,"51.5085,-0.1257","AS14061 DigitalOcean, LLC",EC1A,Europe/London,,,,,,,,,,,,,,,,,,,,,,,,,
43.143.172.113,,false,false,Beijing,Beijing,CN,China,false,"39.9075,116.3972",AS45090 Shenzhen Tencent Computer Systems Company Limited,,Asia/Shanghai,,,,,,,,,,,,,,,,,,,,,,,,,
44.198.64.113,ec2-44-198-64-113.compute-1.amazonaws.com,false,false,Ashburn,Virginia,US,United States,false,"39.0437,-77.4875","AS14618 Amazon.com, Inc.",20147,America/New_York,,,,,,,,,,,,,,,,,,,,,,,,,
143.198.141.214,,false,false,Santa Clara,California,US,United States,false,"37.3924,-121.9623","AS14061 DigitalOcean, LLC",95054,America/Los_Angeles,,,,,,,,,,,,,,,,,,,,,,,,,
178.62.99.183,mythic-ceramic.braindeadideas.com,false,false,London,England,GB,United Kingdom,false,"51.5085,-0.1257","AS14061 DigitalOcean, LLC",EC1A,Europe/London,,,,,,,,,,,,,,,,,,,,,,,,,
121.37.101.254,ecs-121-37-101-254.compute.hwclouds-dns.com,false,false,Beijing,Beijing,CN,China,false,"39.9075,116.3972",AS55990 Huawei Cloud Service data center,,Asia/Shanghai,,,,,,,,,,,,,,,,,,,,,,,,,
51.210.243.38,vps-d867db18.vps.ovh.net,false,false,Strasbourg,Grand Est,FR,France,true,"48.5839,7.7455",AS16276 OVH SAS,67000,Europe/Paris,,,,,,,,,,,,,,,,,,,,,,,,,
173.255.226.84,li236-84.members.linode.com,false,false,Morris Plains,New Jersey,US,United States,false,"40.8223,-74.4569","AS63949 Linode, LLC",07927,America/New_York,,,,,,,,,,,,,,,,,,,,,,,,,
5.249.145.51,host51-145-249-5.serverdedicati.aruba.it,false,false,Veggia-Villalunga,Emilia-Romagna,IT,Italy,true,"44.5607,10.7562",AS31034 Aruba S.p.A.,42013,Europe/Rome,,,,,,,,,,,,,,,,,,,,,,,,,
124.223.164.205,,false,false,Beijing,Beijing,CN,China,false,"39.9075,116.3972",AS45090 Shenzhen Tencent Computer Systems Company Limited,,Asia/Shanghai,,,,,,,,,,,,,,,,,,,,,,,,,
167.71.213.192,,false,false,Singapore,Singapore,SG,Singapore,false,"1.3215,103.6957","AS14061 DigitalOcean, LLC",627753,Asia/Singapore,,,,,,,,,,,,,,,,,,,,,,,,,
5.196.213.25,trioconsulting.fr,false,false,Argenteuil,Île-de-France,FR,France,true,"48.9479,2.2474",AS16276 OVH SAS,95100,Europe/Paris,,,,,,,,,,,,,,,,,,,,,,,,,
1.116.3.85,,false,false,Shenzhen,Guangdong,CN,China,false,"22.5455,114.0683",AS45090 Shenzhen Tencent Computer Systems Company Limited,,Asia/Shanghai,,,,,,,,,,,,,,,,,,,,,,,,,
24.137.215.164,unallocated-static.rogers.com,false,false,Toronto,Ontario,CA,Canada,false,"43.7137,-79.4869",AS812 Rogers Communications Canada Inc.,M6L,America/Toronto,,,,,,,,,,,,,,,,,,,,,,,,,
103.155.93.82,server1.kamon.la,false,false,The Hague,South Holland,NL,Netherlands,true,"52.0767,4.2986",AS45839 Shinjiru Technology Sdn Bhd,2512,Europe/Amsterdam,,,,,,,,,,,,,,,,,,,,,,,,,
77.92.95.143,mail.beachcafe.com,false,false,London,England,GB,United Kingdom,false,"51.5085,-0.1257",AS13213 UK-2 Limited,EC1A,Europe/London,,,,,,,,,,,,,,,,,,,,,,,,,
172.104.157.19,172-104-157-19.ip.linodeusercontent.com,false,false,Frankfurt am Main,Hesse,DE,Germany,true,"50.1025,8.6299","AS63949 Linode, LLC",60326,Europe/Berlin,,,,,,,,,,,,,,,,,,,,,,,,,
157.245.143.132,,false,false,North Bergen,New Jersey,US,United States,false,"40.8043,-74.0121","AS14061 DigitalOcean, LLC",07047,America/New_York,,,,,,,,,,,,,,,,,,,,,,,,,
129.226.92.29,,false,false,Singapore,Singapore,SG,Singapore,false,"1.3557,103.8237","AS132203 Tencent Building, Kejizhongyi Avenue",574180,Asia/Singapore,,,,,,,,,,,,,,,,,,,,,,,,,
45.11.19.89,,false,false,Langen,Hesse,DE,Germany,true,"49.9896,8.6685",AS30823 combahton GmbH,63225,Europe/Berlin,,,,,,,,,,,,,,,,,,,,,,,,,
39.105.125.200,,false,false,Beijing,Beijing,CN,China,false,"39.9075,116.3972","AS37963 Hangzhou Alibaba Advertising Co.,Ltd.",,Asia/Shanghai,,,,,,,,,,,,,,,,,,,,,,,,,
23.254.203.53,hwsrv-398703.hostwindsdns.com,false,false,Dallas,Texas,US,United States,false,"32.7831,-96.8067",AS54290 Hostwinds LLC.,75201,America/Chicago,,,,,,,,,,,,,,,,,,,,,,,,,
52.90.107.253,ec2-52-90-107-253.compute-1.amazonaws.com,false,false,Ashburn,Virginia,US,United States,false,"39.0437,-77.4875","AS14618 Amazon.com, Inc.",20147,America/New_York,,,,,,,,,,,,,,,,,,,,,,,,,
116.204.211.193,,false,false,Hong Kong,Central and Western,HK,Hong Kong,false,"22.2783,114.1747","AS24373 ADC GROUP CO.,LIMITED",,Asia/Hong_Kong,,,,,,,,,,,,,,,,,,,,,,,,,
3.73.117.245,ec2-3-73-117-245.eu-central-1.compute.amazonaws.com,false,false,Frankfurt am Main,Hesse,DE,Germany,true,"50.1025,8.6299","AS16509 Amazon.com, Inc.",60326,Europe/Berlin,,,,,,,,,,,,,,,,,,,,,,,,,
138.68.123.125,,false,false,Amsterdam,North Holland,NL,Netherlands,true,"52.3740,4.8897","AS14061 DigitalOcean, LLC",1012,Europe/Amsterdam,,,,,,,,,,,,,,,,,,,,,,,,,
82.157.182.245,,false,false,Beijing,Beijing,CN,China,false,"39.9075,116.3972",AS45090 Shenzhen Tencent Computer Systems Company Limited,,Asia/Shanghai,,,,,,,,,,,,,,,,,,,,,,,,,
16.170.83.102,ec2-16-170-83-102.eu-north-1.compute.amazonaws.com,false,false,Stockholm,Stockholm,SE,Sweden,true,"59.3294,18.0687","AS16509 Amazon.com, Inc.",100 05,Europe/Stockholm,,,,,,,,,,,,,,,,,,,,,,,,,
188.165.57.99,ip99.ip-188-165-57.eu,false,false,Strasbourg,Grand Est,FR,France,true,"48.5839,7.7455",AS16276 OVH SAS,67000,Europe/Paris,,,,,,,,,,,,,,,,,,,,,,,,,
158.247.219.80,158.247.219.80.vultrusercontent.com,false,false,Paripark,Seoul,KR,South Korea,false,"37.5822,126.8866","AS20473 The Constant Company, LLC",03922,Asia/Seoul,,,,,,,,,,,,,,,,,,,,,,,,,
162.243.22.15,,false,false,New York City,New York,US,United States,false,"40.7402,-73.9996","AS14061 DigitalOcean, LLC",10011,America/New_York,,,,,,,,,,,,,,,,,,,,,,,,,
176.113.115.3,,false,false,Moscow,Moscow,RU,Russia,false,"55.7522,37.6156",AS57678 Red Bytes LLC,101000,Europe/Moscow,,,,,,,,,,,,,,,,,,,,,,,,,
194.135.24.241,,false,false,Dallas,Texas,US,United States,false,"32.7831,-96.8067",AS211059 Tribeka Web Advisors S.A.,75201,America/Chicago,,,,,,,,,,,,,,,,,,,,,,,,,
185.21.191.88,vps61057.public.cloudvps.com,false,false,Amsterdam,North Holland,NL,Netherlands,true,"52.3740,4.8897",AS35470 Signet B.V.,1012,Europe/Amsterdam,,,,,,,,,,,,,,,,,,,,,,,,,
112.74.46.161,,false,false,Shenzhen,Zhejiang,CN,China,false,"29.4159,121.3397","AS37963 Hangzhou Alibaba Advertising Co.,Ltd.",,Asia/Shanghai,,,,,,,,,,,,,,,,,,,,,,,,,
44.204.63.95,ec2-44-204-63-95.compute-1.amazonaws.com,false,false,Ashburn,Virginia,US,United States,false,"39.0437,-77.4875","AS14618 Amazon.com, Inc.",20147,America/New_York,,,,,,,,,,,,,,,,,,,,,,,,,
45.76.177.110,45.76.177.110.vultrusercontent.com,false,false,Singapore,Singapore,SG,Singapore,false,"1.3215,103.6957","AS20473 The Constant Company, LLC",627753,Asia/Singapore,,,,,,,,,,,,,,,,,,,,,,,,,
167.71.98.206,,false,false,Clifton,New Jersey,US,United States,false,"40.8344,-74.1377","AS14061 DigitalOcean, LLC",07014,America/New_York,,,,,,,,,,,,,,,,,,,,,,,,,
13.235.215.148,ec2-13-235-215-148.ap-south-1.compute.amazonaws.com,false,false,Mumbai,Maharashtra,IN,India,false,"19.0728,72.8826","AS16509 Amazon.com, Inc.",400070,Asia/Kolkata,,,,,,,,,,,,,,,,,,,,,,,,,
212.129.43.47,www.in-over.com,false,false,Paris,Île-de-France,FR,France,true,"48.8534,2.3488",AS12876 ONLINE S.A.S.,75000,Europe/Paris,,,,,,,,,,,,,,,,,,,,,,,,,
66.18.171.71,hs-171-71.ala.tularosa.net,false,false,Alamogordo,New Mexico,US,United States,false,"32.8932,-105.9485","AS11711 TULAROSA COMMUNICATIONS, INC.",88310,America/Denver,,,,,,,,,,,,,,,,,,,,,,,,,
150.158.55.146,,false,false,Shanghai,Shanghai,CN,China,false,"31.2222,121.4581",AS45090 Shenzhen Tencent Computer Systems Company Limited,,Asia/Shanghai,,,,,,,,,,,,,,,,,,,,,,,,,
119.192.232.104,,false,false,Seoul,Seoul,KR,South Korea,false,"37.5424,126.9428",AS4766 Korea Telecom,04161,Asia/Seoul,,,,,,,,,,,,,,,,,,,,,,,,,
39.101.1.65,,false,false,Beijing,Beijing,CN,China,false,"39.9075,116.3972","AS37963 Hangzhou Alibaba Advertising Co.,Ltd.",,Asia/Shanghai,,,,,,,,,,,,,,,,,,,,,,,,,
172.245.27.233,172-245-27-233-host.colocrossing.com,false,false,Buffalo,New York,US,United States,false,"42.8865,-78.8784",AS36352 ColoCrossing,14202,America/New_York,,,,,,,,,,,,,,,,,,,,,,,,,
185.197.194.124,vmi813221.contaboserver.net,false,false,Düsseldorf,North Rhine-Westphalia,DE,Germany,true,"51.2157,6.7767",AS51167 Contabo GmbH,40217,Europe/Berlin,,,,,,,,,,,,,,,,,,,,,,,,,
130.61.124.23,,false,false,Frankfurt am Main,Hesse,DE,Germany,true,"50.1025,8.6299",AS31898 Oracle Corporation,60326,Europe/Berlin,,,,,,,,,,,,,,,,,,,,,,,,,
216.93.199.231,231.199-93-216-nokia-dsl.dynamic.surewest.net,false,false,Roseville,California,US,United States,false,"38.7346,-121.2340","AS14051 Consolidated Communications, Inc.",95661,America/Los_Angeles,,,,,,,,,,,,,,,,,,,,,,,,,
54.178.124.65,ec2-54-178-124-65.ap-northeast-1.compute.amazonaws.com,false,false,Tokyo,Tokyo,JP,Japan,false,"35.6895,139.6917","AS16509 Amazon.com, Inc.",101-8656,Asia/Tokyo,,,,,,,,,,,,,,,,,,,,,,,,,
137.74.246.133,ip133.ip-137-74-246.eu,false,false,Strasbourg,Grand Est,FR,France,true,"48.5839,7.7455",AS16276 OVH SAS,67000,Europe/Paris,,,,,,,,,,,,,,,,,,,,,,,,,
114.116.107.175,ecs-114-116-107-175.compute.hwclouds-dns.com,false,false,Beijing,Beijing,CN,China,false,"39.9075,116.3972",AS4808 China Unicom Beijing Province Network,,Asia/Shanghai,,,,,,,,,,,,,,,,,,,,,,,,,
18.157.143.36,ec2-18-157-143-36.eu-central-1.compute.amazonaws.com,false,false,Frankfurt am Main,Hesse,DE,Germany,true,"50.1025,8.6299","AS16509 Amazon.com, Inc.",60326,Europe/Berlin,,,,,,,,,,,,,,,,,,,,,,,,,
185.225.68.201,,false,false,Budapest,Budapest,HU,Hungary,true,"47.4984,19.0404",AS30836 23VNet Kft.,1007,Europe/Budapest,,,,,,,,,,,,,,,,,,,,,,,,,
44.206.117.100,ec2-44-206-117-100.compute-1.amazonaws.com,false,false,Ashburn,Virginia,US,United States,false,"39.0437,-77.4875","AS14618 Amazon.com, Inc.",20147,America/New_York,,,,,,,,,,,,,,,,,,,,,,,,,
174.139.150.224,customer.krypt.com,false,false,Los Angeles,California,US,United States,false,"34.0522,-118.2437",AS35908 Krypt Technologies,90009,America/Los_Angeles,,,,,,,,,,,,,,,,,,,,,,,,,
1.117.60.167,,false,false,Shenzhen,Guangdong,CN,China,false,"22.5455,114.0683",AS45090 Shenzhen Tencent Computer Systems Company Limited,,Asia/Shanghai,,,,,,,,,,,,,,,,,,,,,,,,,
135.148.73.194,ip194.ip-135-148-73.us,false,false,Washington,"Washington, D.C.",US,United States,false,"38.8951,-77.0364",AS16276 OVH SAS,20004,America/New_York,,,,,,,,,,,,,,,,,,,,,,,,,
156.54.4.10,,false,false,Quarto Inferiore,Emilia-Romagna,IT,Italy,true,"44.5309,11.4168",AS20746 Telecom Italia S.p.A.,40057,Europe/Rome,,,,,,,,,,,,,,,,,,,,,,,,,
116.211.120.25,,false,false,Wuhan,Hubei,CN,China,false,"30.5833,114.2667",AS58563 CHINANET Hubei province network,,Asia/Shanghai,,,,,,,,,,,,,,,,,,,,,,,,,
40.113.195.1,,false,false,Des Moines,Iowa,US,United States,false,"41.5878,-93.6274",AS8075 Microsoft Corporation,50392,America/Chicago,,,,,,,,,,,,,,,,,,,,,,,,,
43.143.119.212,,false,false,Beijing,Beijing,CN,China,false,"39.9075,116.3972",AS45090 Shenzhen Tencent Computer Systems Company Limited,,Asia/Shanghai,,,,,,,,,,,,,,,,,,,,,,,,,
83.252.26.43,c83-252-26-43.bredband.tele2.se,false,false,Göteborg,Västra Götaland,SE,Sweden,true,"57.7072,11.9668",AS1257 Tele2 Sverige AB,400 10,Europe/Stockholm,,,,,,,,,,,,,,,,,,,,,,,,,
134.122.109.56,ukreiif.live,false,false,London,England,GB,United Kingdom,false,"51.5085,-0.1257","AS14061 DigitalOcean, LLC",EC1A,Europe/London,,,,,,,,,,,,,,,,,,,,,,,,,
1.15.225.244,,false,false,Beijing,Beijing,CN,China,false,"39.9075,116.3972",AS45090 Shenzhen Tencent Computer Systems Company Limited,,Asia/Shanghai,,,,,,,,,,,,,,,,,,,,,,,,,
137.184.111.53,,false,false,North Bergen,New Jersey,US,United States,false,"40.8043,-74.0121","AS14061 DigitalOcean, LLC",07047,America/New_York,,,,,,,,,,,,,,,,,,,,,,,,,
59.110.169.183,,false,false,Beijing,Beijing,CN,China,false,"39.9075,116.3972","AS37963 Hangzhou Alibaba Advertising Co.,Ltd.",,Asia/Shanghai,,,,,,,,,,,,,,,,,,,,,,,,,
101.43.158.173,,false,false,Beijing,Beijing,CN,China,false,"39.9075,116.3972",AS45090 Shenzhen Tencent Computer Systems Company Limited,,Asia/Shanghai,,,,,,,,,,,,,,,,,,,,,,,,,
54.37.224.127,127.ip-54-37-224.eu,false,false,Rouen,Normandy,FR,France,true,"49.4431,1.0993",AS16276 OVH SAS,76000,Europe/Paris,,,,,,,,,,,,,,,,,,,,,,,,,
20.97.116.145,,false,false,San Antonio,Texas,US,United States,false,"29.4375,-98.4616",AS8075 Microsoft Corporation,78295,America/Chicago,,,,,,,,,,,,,,,,,,,,,,,,,
39.107.93.206,,false,false,Beijing,Beijing,CN,China,false,"39.9075,116.3972","AS37963 Hangzhou Alibaba Advertising Co.,Ltd.",,Asia/Shanghai,,,,,,,,,,,,,,,,,,,,,,,,,
92.38.178.236,skcksmxhwusqw.example.com,false,false,Urayasu,Tokyo,JP,Japan,false,"35.6309,139.7917",AS202422 G-Core Labs S.A.,135-0061,Asia/Tokyo,,,,,,,,,,,,,,,,,,,,,,,,,
198.148.126.33,cobs.rateinstitute.com,false,false,Los Angeles,California,US,United States,false,"34.0522,-118.2437",AS35916 MULTACOM CORPORATION,90009,America/Los_Angeles,,,,,,,,,,,,,,,,,,,,,,,,,
49.233.62.180,,false,false,Shanghai,Shanghai,CN,China,false,"31.2222,121.4581",AS45090 Shenzhen Tencent Computer Systems Company Limited,,Asia/Shanghai,,,,,,,,,,,,,,,,,,,,,,,,,
165.3.120.26,,false,false,Hong Kong,Central and Western,HK,Hong Kong,false,"22.2783,114.1747",AS55020 Aodao Inc,,Asia/Hong_Kong,,,,,,,,,,,,,,,,,,,,,,,,,
185.67.204.98,185-67-204-98.layersistem.com,false,false,Istanbul,Istanbul,TR,Turkey,false,"41.0138,28.9497",AS59886 Layer Sistem tic. ltd. sti.,34096,Europe/Istanbul,,,,,,,,,,,,,,,,,,,,,,,,,
159.223.194.254,,false,false,Santa Clara,California,US,United States,false,"37.3924,-121.9623","AS14061 DigitalOcean, LLC",95054,America/Los_Angeles,,,,,,,,,,,,,,,,,,,,,,,,,
95.179.206.132,95.179.206.132.vultrusercontent.com,false,false,London,England,GB,United Kingdom,false,"51.5085,-0.1257","AS20473 The Constant Company, LLC",EC1A,Europe/London,,,,,,,,,,,,,,,,,,,,,,,,,
47.103.192.104,,false,false,Shanghai,Shanghai,CN,China,false,"31.2222,121.4581","AS37963 Hangzhou Alibaba Advertising Co.,Ltd.",,Asia/Shanghai,,,,,,,,,,,,,,,,,,,,,,,,,
3.110.199.185,ec2-3-110-199-185.ap-south-1.compute.amazonaws.com,false,false,Mumbai,Maharashtra,IN,India,false,"19.0728,72.8826","AS16509 Amazon.com, Inc.",400070,Asia/Kolkata,,,,,,,,,,,,,,,,,,,,,,,,,
16.171.18.142,ec2-16-171-18-142.eu-north-1.compute.amazonaws.com,false,false,Stockholm,Stockholm,SE,Sweden,true,"59.3294,18.0687","AS16509 Amazon.com, Inc.",100 05,Europe/Stockholm,,,,,,,,,,,,,,,,,,,,,,,,,
38.6.155.103,,false,false,Washington,"Washington, D.C.",US,United States,false,"38.9014,-77.0504",AS58931 24.hk global BGP,20037,America/New_York,,,,,,,,,,,,,,,,,,,,,,,,,
173.82.206.56,priv11.avf112.com,false,false,Los Angeles,California,US,United States,false,"34.0522,-118.2437",AS35916 MULTACOM CORPORATION,90009,America/Los_Angeles,,,,,,,,,,,,,,,,,,,,,,,,,
185.146.232.82,,false,false,Bucharest,București,RO,Romania,true,"44.4323,26.1063",AS200651 Flokinet Ltd,050011,Europe/Bucharest,,,,,,,,,,,,,,,,,,,,,,,,,
39.106.45.206,,false,false,Beijing,Beijing,CN,China,false,"39.9075,116.3972","AS37963 Hangzhou Alibaba Advertising Co.,Ltd.",,Asia/Shanghai,,,,,,,,,,,,,,,,,,,,,,,,,
138.68.168.158,,false,false,London,England,GB,United Kingdom,false,"51.5085,-0.1257","AS14061 DigitalOcean, LLC",EC1A,Europe/London,,,,,,,,,,,,,,,,,,,,,,,,,
1.116.14.99,,false,false,Shenzhen,Guangdong,CN,China,false,"22.5455,114.0683",AS45090 Shenzhen Tencent Computer Systems Company Limited,,Asia/Shanghai,,,,,,,,,,,,,,,,,,,,,,,,,
119.91.120.76,,false,false,Beijing,Beijing,CN,China,false,"39.9075,116.3972",AS45090 Shenzhen Tencent Computer Systems Company Limited,,Asia/Shanghai,,,,,,,,,,,,,,,,,,,,,,,,,
74.207.237.31,74-207-237-31.ip.linodeusercontent.com,false,false,Atlanta,Georgia,US,United States,false,"33.7490,-84.3880","AS63949 Linode, LLC",30302,America/New_York,,,,,,,,,,,,,,,,,,,,,,,,,
124.221.35.184,,false,false,Beijing,Beijing,CN,China,false,"39.9075,116.3972",AS45090 Shenzhen Tencent Computer Systems Company Limited,,Asia/Shanghai,,,,,,,,,,,,,,,,,,,,,,,,,
3.110.206.35,ec2-3-110-206-35.ap-south-1.compute.amazonaws.com,false,false,Mumbai,Maharashtra,IN,India,false,"19.0728,72.8826","AS16509 Amazon.com, Inc.",400070,Asia/Kolkata,,,,,,,,,,,,,,,,,,,,,,,,,
45.43.2.62,vps-zap928041-5.zap-srv.com,false,false,Dallas,Texas,US,United States,false,"32.7831,-96.8067",AS397423 Tier.Net Technologies LLC,75201,America/Chicago,,,,,,,,,,,,,,,,,,,,,,,,,
174.79.173.253,wsip-174-79-173-253.ri.ri.cox.net,false,false,Providence,Rhode Island,US,United States,false,"41.8240,-71.4128",AS22773 Cox Communications Inc.,02901,America/New_York,,,,,,,,,,,,,,,,,,,,,,,,,
54.197.245.200,ec2-54-197-245-200.compute-1.amazonaws.com,false,false,Ashburn,Virginia,US,United States,false,"39.0437,-77.4875","AS14618 Amazon.com, Inc.",20147,America/New_York,,,,,,,,,,,,,,,,,,,,,,,,,
149.202.173.37,,false,false,Paris,Île-de-France,FR,France,true,"48.8648,2.3335",AS16276 OVH SAS,75008,Europe/Paris,,,,,,,,,,,,,,,,,,,,,,,,,
185.225.68.202,,false,false,Budapest,Budapest,HU,Hungary,true,"47.4984,19.0404",AS30836 23VNet Kft.,1007,Europe/Budapest,,,,,,,,,,,,,,,,,,,,,,,,,
193.41.237.173,v56119.php-friends.de,false,false,Frankfurt am Main,Hesse,DE,Germany,true,"50.1155,8.6842",AS58212 dataforest GmbH,60306,Europe/Berlin,,,,,,,,,,,,,,,,,,,,,,,,,
152.136.178.142,,false,false,Beijing,Beijing,CN,China,false,"39.9075,116.3972",AS45090 Shenzhen Tencent Computer Systems Company Limited,,Asia/Shanghai,,,,,,,,,,,,,,,,,,,,,,,,,
139.60.161.167,,false,false,New York City,New York,US,United States,false,"40.7143,-74.0060",AS395839 HOSTKEY,10004,America/New_York,,,,,,,,,,,,,,,,,,,,,,,,,
205.149.157.190,fn190.ips.paulbunyan.net,false,false,Hibbing,Minnesota,US,United States,false,"47.4156,-92.9356",AS14371 Paul Bunyan Communications,55746,America/Chicago,,,,,,,,,,,,,,,,,,,,,,,,,
190.97.165.56,nazemutu.ccipanama.com,false,false,Panama City,Colón,PA,Panama,false,"9.3340,-79.8917","AS27956 Cyber Cast International, S.A.",,America/Panama,,,,,,,,,,,,,,,,,,,,,,,,,
157.230.93.100,,false,false,North Bergen,New Jersey,US,United States,false,"40.8043,-74.0121","AS14061 DigitalOcean, LLC",07047,America/New_York,,,,,,,,,,,,,,,,,,,,,,,,,
106.75.231.15,,false,false,Shanghai,Shanghai,CN,China,false,"31.2222,121.4581",AS17621 China Unicom Shanghai network,,Asia/Shanghai,,,,,,,,,,,,,,,,,,,,,,,,,
147.182.187.72,,false,false,North Bergen,New Jersey,US,United States,false,"40.8043,-74.0121","AS14061 DigitalOcean, LLC",07047,America/New_York,,,,,,,,,,,,,,,,,,,,,,,,,
200.12.221.96,static-96.221.12.200.in-addr.arpa,false,false,Buenos Aires,Buenos Aires F.D.,AR,Argentina,false,"-34.6131,-58.3772",AS27822 Emerging Markets Communications de Argentina S.R.L,1871,America/Argentina/Buenos_Aires,,,,,,,,,,,,,,,,,,,,,,,,,
51.89.73.156,wogetrldvisions.site,false,false,Frankfurt am Main,Hesse,DE,Germany,true,"50.1155,8.6842",AS16276 OVH SAS,60306,Europe/Berlin,,,,,,,,,,,,,,,,,,,,,,,,,
150.158.45.62,,false,false,Shanghai,Shanghai,CN,China,false,"31.2222,121.4581",AS45090 Shenzhen Tencent Computer Systems Company Limited,,Asia/Shanghai,,,,,,,,,,,,,,,,,,,,,,,,,
137.184.3.67,,false,false,Santa Clara,California,US,United States,false,"37.3924,-121.9623","AS14061 DigitalOcean, LLC",95054,America/Los_Angeles,,,,,,,,,,,,,,,,,,,,,,,,,
137.184.207.189,,false,false,North Bergen,New Jersey,US,United States,false,"40.8043,-74.0121","AS14061 DigitalOcean, LLC",07047,America/New_York,,,,,,,,,,,,,,,,,,,,,,,,,
195.97.212.20,20.212.97.195.in-addr.arpa,false,false,London,England,GB,United Kingdom,false,"51.5085,-0.1257",AS12703 Pulsant (Scotland) Ltd,EC1A,Europe/London,,,,,,,,,,,,,,,,,,,,,,,,,
23.29.115.137,23-29-115-137.static.hvvc.us,false,false,Tampa,Florida,US,United States,false,"28.0091,-82.5034","AS29802 HIVELOCITY, Inc.",33614,America/New_York,,,,,,,,,,,,,,,,,,,,,,,,,
103.6.238.33,,false,false,Kuala Lumpur,Kuala Lumpur,MY,Malaysia,false,"3.1412,101.6865",AS131310 CX2 Computer Exchange,50050,Asia/Kuala_Lumpur,,,,,,,,,,,,,,,,,,,,,,,,,
139.99.155.76,vps-5a64c43b.vps.ovh.ca,false,false,Sydney,New South Wales,AU,Australia,false,"-33.8678,151.2073",AS16276 OVH SAS,1125,Australia/Sydney,,,,,,,,,,,,,,,,,,,,,,,,,
113.107.54.65,,false,false,Hangzhou,Zhejiang,CN,China,false,"30.2936,120.1614",AS4134 CHINANET-BACKBONE,,Asia/Shanghai,,,,,,,,,,,,,,,,,,,,,,,,,
3.212.113.251,ec2-3-212-113-251.compute-1.amazonaws.com,false,false,Ashburn,Virginia,US,United States,false,"39.0437,-77.4875","AS14618 Amazon.com, Inc.",20147,America/New_York,,,,,,,,,,,,,,,,,,,,,,,,,
3.110.111.106,ec2-3-110-111-106.ap-south-1.compute.amazonaws.com,false,false,Mumbai,Maharashtra,IN,India,false,"19.0728,72.8826","AS16509 Amazon.com, Inc.",400070,Asia/Kolkata,,,,,,,,,,,,,,,,,,,,,,,,,
45.9.191.137,,false,false,Meppel,Drenthe,NL,Netherlands,true,"52.6958,6.1944",AS47583 Hostinger International Limited,7941,Europe/Amsterdam,,,,,,,,,,,,,,,,,,,,,,,,,
103.176.145.162,,false,false,Hanoi,Hanoi,VN,Vietnam,false,"21.0245,105.8412",AS140770 Digilife Vietnam Digital Services Company Limited,10000,Asia/Bangkok,,,,,,,,,,,,,,,,,,,,,,,,,
42.193.125.133,,false,false,Chengdu,Sichuan,CN,China,false,"30.6667,104.0667",AS45090 Shenzhen Tencent Computer Systems Company Limited,,Asia/Shanghai,,,,,,,,,,,,,,,,,,,,,,,,,
83.220.172.27,lukeone1.fvds.ru,false,false,Moscow,Moscow,RU,Russia,false,"55.7522,37.6156",AS29182 JSC IOT,101000,Europe/Moscow,,,,,,,,,,,,,,,,,,,,,,,,,
175.24.199.8,,false,false,Shenzhen,Guangdong,CN,China,false,"22.5455,114.0683",AS45090 Shenzhen Tencent Computer Systems Company Limited,,Asia/Shanghai,,,,,,,,,,,,,,,,,,,,,,,,,
68.183.56.37,moofasa.grayhatfreelancing.com,false,false,Clifton,New Jersey,US,United States,false,"40.8344,-74.1377","AS14061 DigitalOcean, LLC",07014,America/New_York,,,,,,,,,,,,,,,,,,,,,,,,,
144.91.122.255,vmi415003.contaboserver.net,false,false,Frankfurt am Main,Hesse,DE,Germany,true,"50.1155,8.6842",AS51167 Contabo GmbH,60306,Europe/Berlin,,,,,,,,,,,,,,,,,,,,,,,,,
195.2.92.52,host-195-2-92-52.hosted-by-vdsina.ru,false,false,Zwolle,Overijssel,NL,Netherlands,true,"52.5538,6.1537",AS207651 Hosting technology LTD,8035,Europe/Amsterdam,,,,,,,,,,,,,,,,,,,,,,,,,
134.209.28.232,htb-vq6u8vn3ep.htb-cloud.com,false,false,London,England,GB,United Kingdom,false,"51.5085,-0.1257","AS14061 DigitalOcean, LLC",EC1A,Europe/London,,,,,,,,,,,,,,,,,,,,,,,,,
18.134.39.73,ec2-18-134-39-73.eu-west-2.compute.amazonaws.com,false,false,London,England,GB,United Kingdom,false,"51.5085,-0.1257","AS16509 Amazon.com, Inc.",EC1A,Europe/London,,,,,,,,,,,,,,,,,,,,,,,,,
79.3.12.7,host-79-3-12-7.business.telecomitalia.it,false,false,Treviso,Veneto,IT,Italy,true,"45.6667,12.2416",AS3269 Telecom Italia S.p.A.,31100,Europe/Rome,,,,,,,,,,,,,,,,,,,,,,,,,
43.143.18.98,,false,false,Beijing,Beijing,CN,China,false,"39.9075,116.3972",AS45090 Shenzhen Tencent Computer Systems Company Limited,,Asia/Shanghai,,,,,,,,,,,,,,,,,,,,,,,,,
118.195.144.147,,false,false,Liuzhou,Guangxi,CN,China,false,"24.3240,109.4070",AS45090 Shenzhen Tencent Computer Systems Company Limited,,Asia/Shanghai,,,,,,,,,,,,,,,,,,,,,,,,,
146.59.199.61,vps-358095c8.vps.ovh.net,false,false,Paris,Île-de-France,FR,France,true,"48.8534,2.3488",AS16276 OVH SAS,75000,Europe/Paris,,,,,,,,,,,,,,,,,,,,,,,,,
13.56.40.136,ec2-13-56-40-136.us-west-1.compute.amazonaws.com,false,false,San Jose,California,US,United States,false,"37.3394,-121.8950","AS16509 Amazon.com, Inc.",95103,America/Los_Angeles,,,,,,,,,,,,,,,,,,,,,,,,,
202.112.51.236,,false,false,Beijing,Beijing,CN,China,false,"39.9075,116.3972",AS4538 China Education and Research Network Center,,Asia/Shanghai,,,,,,,,,,,,,,,,,,,,,,,,,
182.161.69.158,,false,false,Sham Shui Po,Sham Shui Po,HK,Hong Kong,false,"22.3302,114.1595",AS132839 POWER LINE DATACENTER,,Asia/Hong_Kong,,,,,,,,,,,,,,,,,,,,,,,,,
157.230.25.72,,false,false,Frankfurt am Main,Hesse,DE,Germany,true,"50.1025,8.6299","AS14061 DigitalOcean, LLC",60326,Europe/Berlin,,,,,,,,,,,,,,,,,,,,,,,,,
121.5.117.173,,false,false,Beijing,Beijing,CN,China,false,"39.9075,116.3972",AS45090 Shenzhen Tencent Computer Systems Company Limited,,Asia/Shanghai,,,,,,,,,,,,,,,,,,,,,,,,,
88.214.56.59,,false,false,Karlsruhe,Baden-Wurttemberg,DE,Germany,true,"49.0094,8.4044",AS30823 combahton GmbH,76133,Europe/Berlin,,,,,,,,,,,,,,,,,,,,,,,,,
121.4.123.50,,false,false,Beijing,Beijing,CN,China,false,"39.9075,116.3972",AS45090 Shenzhen Tencent Computer Systems Company Limited,,Asia/Shanghai,,,,,,,,,,,,,,,,,,,,,,,,,
188.68.229.50,flymetothemoon.site,false,false,Legnica,Lower Silesia,PL,Poland,true,"51.2101,16.1619",AS197226 SPRINT S.A.,59-200,Europe/Warsaw,,,,,,,,,,,,,,,,,,,,,,,,,
147.189.175.2,vps-zap918017-2.zap-srv.com,false,false,Frankfurt am Main,Hesse,DE,Germany,true,"50.1155,8.6842",AS30823 combahton GmbH,60306,Europe/Berlin,,,,,,,,,,,,,,,,,,,,,,,,,
198.7.57.144,,false,false,Washington,"Washington, D.C.",US,United States,false,"38.8951,-77.0364","AS30633 Leaseweb USA, Inc.",20004,America/New_York,,,,,,,,,,,,,,,,,,,,,,,,,
117.50.187.39,79wmd9.cn,false,false,Beijing,Beijing,CN,China,false,"39.9075,116.3972",AS4808 China Unicom Beijing Province Network,,Asia/Shanghai,,,,,,,,,,,,,,,,,,,,,,,,,
165.227.45.251,,false,false,Toronto,Ontario,CA,Canada,false,"43.7001,-79.4163","AS14061 DigitalOcean, LLC",M5A,America/Toronto,,,,,,,,,,,,,,,,,,,,,,,,,
51.13.165.60,,false,false,Oslo,Oslo,NO,Norway,false,"59.9127,10.7461",AS8075 Microsoft Corporation,0001,Europe/Oslo,,,,,,,,,,,,,,,,,,,,,,,,,
209.249.134.3,209.249.134.3.ipyx-146035-zyo.zip.zayo.com,false,false,Washington,"Washington, D.C.",US,United States,false,"38.8951,-77.0364",AS6461 Zayo Bandwidth,20004,America/New_York,,,,,,,,,,,,,,,,,,,,,,,,,
172.104.175.112,172-104-175-112.ip.linodeusercontent.com,false,false,Singapore,Singapore,SG,Singapore,false,"1.2897,103.8501","AS63949 Linode, LLC",018989,Asia/Singapore,,,,,,,,,,,,,,,,,,,,,,,,,
107.189.7.48,,false,false,Bissen,Mersch,LU,Luxembourg,true,"49.7873,6.0654",AS53667 FranTech Solutions,L-7703,Europe/Luxembourg,,,,,,,,,,,,,,,,,,,,,,,,,
101.43.208.122,,false,false,Shanghai,Shanghai,CN,China,false,"31.2222,121.4581",AS45090 Shenzhen Tencent Computer Systems Company Limited,,Asia/Shanghai,,,,,,,,,,,,,,,,,,,,,,,,,
95.182.122.34,vps.ac1285e.host,false,false,Moscow,Moscow,RU,Russia,false,"55.7522,37.6156",AS202984 Chernyshov Aleksandr Aleksandrovich,101000,Europe/Moscow,,,,,,,,,,,,,,,,,,,,,,,,,
78.128.112.139,ip-112-139.4vendeta.com,false,false,Sofia,Sofia-Capital,BG,Bulgaria,true,"42.6975,23.3241",AS202325 4Media Ltd.,1000,Europe/Sofia,,,,,,,,,,,,,,,,,,,,,,,,,
192.34.58.198,,false,false,North Bergen,New Jersey,US,United States,false,"40.8043,-74.0121","AS14061 DigitalOcean, LLC",07047,America/New_York,,,,,,,,,,,,,,,,,,,,,,,,,
164.92.134.208,,false,false,Frankfurt am Main,Hesse,DE,Germany,true,"50.1025,8.6299","AS14061 DigitalOcean, LLC",60326,Europe/Berlin,,,,,,,,,,,,,,,,,,,,,,,,,
5.101.4.196,hvilica.ru.4.101.5.in-addr.arpa,false,false,Saint Petersburg,St.-Petersburg,RU,Russia,false,"59.9386,30.3141",AS34665 Petersburg Internet Network ltd.,190000,Europe/Moscow,,,,,,,,,,,,,,,,,,,,,,,,,
3.114.23.145,ec2-3-114-23-145.ap-northeast-1.compute.amazonaws.com,false,false,Tokyo,Tokyo,JP,Japan,false,"35.6895,139.6917","AS16509 Amazon.com, Inc.",101-8656,Asia/Tokyo,,,,,,,,,,,,,,,,,,,,,,,,,
38.87.197.94,,false,false,Miami,Florida,US,United States,false,"25.7867,-80.1800",AS174 Cogent Communications,33132,America/New_York,,,,,,,,,,,,,,,,,,,,,,,,,
101.42.172.44,,false,false,Beijing,Beijing,CN,China,false,"39.9075,116.3972",AS45090 Shenzhen Tencent Computer Systems Company Limited,,Asia/Shanghai,,,,,,,,,,,,,,,,,,,,,,,,,
208.68.38.191,,false,false,North Bergen,New Jersey,US,United States,false,"40.8043,-74.0121","AS14061 DigitalOcean, LLC",07047,America/New_York,,,,,,,,,,,,,,,,,,,,,,,,,
185.10.228.203,cb.e4.0ab9.ip4.static.sl-reverse.com,false,false,Amsterdam,North Holland,NL,Netherlands,true,"52.3740,4.8897",AS36351 SoftLayer Technologies Inc.,1012,Europe/Amsterdam,,,,,,,,,,,,,,,,,,,,,,,,,
66.42.54.23,66.42.54.23.vultrusercontent.com,false,false,Singapore,Singapore,SG,Singapore,false,"1.3215,103.6957","AS20473 The Constant Company, LLC",627753,Asia/Singapore,,,,,,,,,,,,,,,,,,,,,,,,,
209.249.134.13,209.249.134.13.ipyx-146035-zyo.zip.zayo.com,false,false,Washington,"Washington, D.C.",US,United States,false,"38.8951,-77.0364",AS6461 Zayo Bandwidth,20004,America/New_York,,,,,,,,,,,,,,,,,,,,,,,,,
107.174.138.166,107-174-138-166-host.colocrossing.com,false,false,Buffalo,New York,US,United States,false,"42.8865,-78.8784",AS36352 ColoCrossing,14202,America/New_York,,,,,,,,,,,,,,,,,,,,,,,,,
65.2.139.84,ec2-65-2-139-84.ap-south-1.compute.amazonaws.com,false,false,Mumbai,Maharashtra,IN,India,false,"19.0728,72.8826","AS16509 Amazon.com, Inc.",400070,Asia/Kolkata,,,,,,,,,,,,,,,,,,,,,,,,,
185.193.126.211,b9c17ed3.host.njalla.net,false,false,Malmö,Skåne,SE,Sweden,true,"55.6059,13.0007",AS39287 ab stract,200 01,Europe/Stockholm,,,,,,,,,,,,,,,,,,,,,,,,,
3.141.125.92,ec2-3-141-125-92.us-east-2.compute.amazonaws.com,false,false,Hilliard,Ohio,US,United States,false,"40.0334,-83.1582","AS16509 Amazon.com, Inc.",43026,America/New_York,,,,,,,,,,,,,,,,,,,,,,,,,
65.108.255.204,neopulsar.uk,false,false,Helsinki,Uusimaa,FI,Finland,true,"60.1695,24.9354",AS24940 Hetzner Online GmbH,00100,Europe/Helsinki,,,,,,,,,,,,,,,,,,,,,,,,,
185.170.144.152,,false,false,Moscow,Moscow,RU,Russia,false,"55.7522,37.6156",AS48080 Dmitriy Panchenko,101000,Europe/Moscow,,,,,,,,,,,,,,,,,,,,,,,,,
94.23.43.228,pedagogyk.decanet.fr,false,false,Paris,Île-de-France,FR,France,true,"48.8534,2.3488",AS16276 OVH SAS,75000,Europe/Paris,,,,,,,,,,,,,,,,,,,,,,,,,
208.67.105.91,,false,false,Amsterdam,North Holland,NL,Netherlands,true,"52.3740,4.8897",AS211252 Delis LLC,1012,Europe/Amsterdam,,,,,,,,,,,,,,,,,,,,,,,,,
182.254.213.162,,false,false,Shanghai,Shanghai,CN,China,false,"31.2222,121.4581",AS45090 Shenzhen Tencent Computer Systems Company Limited,,Asia/Shanghai,,,,,,,,,,,,,,,,,,,,,,,,,
174.138.7.112,,false,false,Amsterdam,North Holland,NL,Netherlands,true,"52.3740,4.8897","AS14061 DigitalOcean, LLC",1012,Europe/Amsterdam,,,,,,,,,,,,,,,,,,,,,,,,,
13.115.214.254,ec2-13-115-214-254.ap-northeast-1.compute.amazonaws.com,false,false,Tokyo,Tokyo,JP,Japan,false,"35.6895,139.6917","AS16509 Amazon.com, Inc.",101-8656,Asia/Tokyo,,,,,,,,,,,,,,,,,,,,,,,,,
18.208.157.91,ec2-18-208-157-91.compute-1.amazonaws.com,false,false,Ashburn,Virginia,US,United States,false,"39.0437,-77.4875","AS14618 Amazon.com, Inc.",20147,America/New_York,,,,,,,,,,,,,,,,,,,,,,,,,
43.132.152.185,,false,false,Hong Kong,Central and Western,HK,Hong Kong,false,"22.2783,114.1747","AS132203 Tencent Building, Kejizhongyi Avenue",,Asia/Hong_Kong,,,,,,,,,,,,,,,,,,,,,,,,,
35.202.0.124,124.0.202.35.bc.googleusercontent.com,false,false,Council Bluffs,Iowa,US,United States,false,"41.2619,-95.8608",AS396982 Google LLC,51502,America/Chicago,,,,,,,,,,,,,,,,,,,,,,,,,
62.113.196.46,s1.revealedtricks4u.com,false,false,Frankfurt am Main,Hesse,DE,Germany,true,"50.1155,8.6842",AS47447 23M GmbH,60306,Europe/Berlin,,,,,,,,,,,,,,,,,,,,,,,,,
175.178.36.137,,false,false,Shenzhen,Guangdong,CN,China,false,"22.5455,114.0683",AS45090 Shenzhen Tencent Computer Systems Company Limited,,Asia/Shanghai,,,,,,,,,,,,,,,,,,,,,,,,,
63.250.44.170,,false,false,Union City,California,US,United States,false,"37.5958,-122.0191","AS22612 Namecheap, Inc.",94587,America/Los_Angeles,,,,,,,,,,,,,,,,,,,,,,,,,
65.2.32.167,ec2-65-2-32-167.ap-south-1.compute.amazonaws.com,false,false,Mumbai,Maharashtra,IN,India,false,"19.0728,72.8826","AS16509 Amazon.com, Inc.",400070,Asia/Kolkata,,,,,,,,,,,,,,,,,,,,,,,,,
117.50.37.182,,false,false,Beijing,Beijing,CN,China,false,"39.9075,116.3972","AS9808 China Mobile Communications Group Co., Ltd.",,Asia/Shanghai,,,,,,,,,,,,,,,,,,,,,,,,,
139.155.90.81,,false,false,Shanghai,Shanghai,CN,China,false,"31.2222,121.4581",AS45090 Shenzhen Tencent Computer Systems Company Limited,,Asia/Shanghai,,,,,,,,,,,,,,,,,,,,,,,,,
3.108.226.194,ec2-3-108-226-194.ap-south-1.compute.amazonaws.com,false,false,Mumbai,Maharashtra,IN,India,false,"19.0728,72.8826","AS16509 Amazon.com, Inc.",400070,Asia/Kolkata,,,,,,,,,,,,,,,,,,,,,,,,,
150.136.247.177,,false,false,Ashburn,Virginia,US,United States,false,"39.0437,-77.4875",AS31898 Oracle Corporation,20147,America/New_York,,,,,,,,,,,,,,,,,,,,,,,,,
162.19.208.126,ip126.ip-162-19-208.eu,false,false,Frankfurt am Main,Hesse,DE,Germany,true,"50.1155,8.6842",AS16276 OVH SAS,60306,Europe/Berlin,,,,,,,,,,,,,,,,,,,,,,,,,
81.68.106.109,,false,false,Nanjing,Jiangsu,CN,China,false,"32.0617,118.7778",AS45090 Shenzhen Tencent Computer Systems Company Limited,,Asia/Shanghai,,,,,,,,,,,,,,,,,,,,,,,,,
47.94.172.106,,false,false,Beijing,Beijing,CN,China,false,"39.9075,116.3972","AS37963 Hangzhou Alibaba Advertising Co.,Ltd.",,Asia/Shanghai,,,,,,,,,,,,,,,,,,,,,,,,,
212.73.134.155,,false,false,Sofia,Sofia-Capital,BG,Bulgaria,true,"42.6975,23.3241",AS34224 Neterra Ltd.,1000,Europe/Sofia,,,,,,,,,,,,,,,,,,,,,,,,,
89.208.105.15,selection.aeza.network,false,false,Amsterdam,North Holland,NL,Netherlands,true,"52.3740,4.8897",AS210644 AEZA GROUP Ltd,1012,Europe/Amsterdam,,,,,,,,,,,,,,,,,,,,,,,,,
198.199.76.168,,false,false,North Bergen,New Jersey,US,United States,false,"40.8043,-74.0121","AS14061 DigitalOcean, LLC",07047,America/New_York,,,,,,,,,,,,,,,,,,,,,,,,,
139.144.19.118,139-144-19-118.ip.linodeusercontent.com,false,false,Atlanta,Georgia,US,United States,false,"33.7490,-84.3880","AS63949 Linode, LLC",30302,America/New_York,,,,,,,,,,,,,,,,,,,,,,,,,
65.2.54.76,ec2-65-2-54-76.ap-south-1.compute.amazonaws.com,false,false,Mumbai,Maharashtra,IN,India,false,"19.0728,72.8826","AS16509 Amazon.com, Inc.",400070,Asia/Kolkata,,,,,,,,,,,,,,,,,,,,,,,,,
172.96.166.109,,false,false,New York City,New York,US,United States,false,"40.7143,-74.0060",AS63018 Dedicated.com,10004,America/New_York,,,,,,,,,,,,,,,,,,,,,,,,,
3.99.59.202,ec2-3-99-59-202.ca-central-1.compute.amazonaws.com,false,false,Montréal,Quebec,CA,Canada,false,"45.5088,-73.5878","AS16509 Amazon.com, Inc.",H3H,America/Toronto,,,,,,,,,,,,,,,,,,,,,,,,,
31.169.72.74,ip74.subnet72.netfactor.net.tr,false,false,Istanbul,Istanbul,TR,Turkey,false,"41.0138,28.9497",AS56582 NETFACTOR TELEKOMINIKASYON VE TEKNOLOJI HIZMETLERI SANAYI VE JSC,34096,Europe/Istanbul,,,,,,,,,,,,,,,,,,,,,,,,,
13.235.56.205,ec2-13-235-56-205.ap-south-1.compute.amazonaws.com,false,false,Mumbai,Maharashtra,IN,India,false,"19.0728,72.8826","AS16509 Amazon.com, Inc.",400070,Asia/Kolkata,,,,,,,,,,,,,,,,,,,,,,,,,
3.67.204.148,ec2-3-67-204-148.eu-central-1.compute.amazonaws.com,false,false,Frankfurt am Main,Hesse,DE,Germany,true,"50.1025,8.6299","AS16509 Amazon.com, Inc.",60326,Europe/Berlin,,,,,,,,,,,,,,,,,,,,,,,,,
101.43.157.230,,false,false,Shenzhen,Guangdong,CN,China,false,"22.5455,114.0683",AS45090 Shenzhen Tencent Computer Systems Company Limited,,Asia/Shanghai,,,,,,,,,,,,,,,,,,,,,,,,,
43.143.133.46,,false,false,Beijing,Beijing,CN,China,false,"39.9075,116.3972",AS45090 Shenzhen Tencent Computer Systems Company Limited,,Asia/Shanghai,,,,,,,,,,,,,,,,,,,,,,,,,
120.25.177.208,,false,false,Shenzhen,Zhejiang,CN,China,false,"29.4159,121.3397","AS37963 Hangzhou Alibaba Advertising Co.,Ltd.",,Asia/Shanghai,,,,,,,,,,,,,,,,,,,,,,,,,
199.83.61.126,199.83.61.126.static.nyinternet.net,false,false,New York City,New York,US,United States,false,"40.7101,-74.0013",AS11403 NYI,10038,America/New_York,,,,,,,,,,,,,,,,,,,,,,,,,
51.178.11.176,ip176.ip-51-178-11.eu,false,false,Rouen,Normandy,FR,France,true,"49.4431,1.0993",AS16276 OVH SAS,76000,Europe/Paris,,,,,,,,,,,,,,,,,,,,,,,,,
210.255.57.172,,false,false,Tokyo,Tokyo,JP,Japan,false,"35.6827,139.7807",AS2516 KDDI CORPORATION,103-0016,Asia/Tokyo,,,,,,,,,,,,,,,,,,,,,,,,,
52.205.104.104,ec2-52-205-104-104.compute-1.amazonaws.com,false,false,Ashburn,Virginia,US,United States,false,"39.0437,-77.4875","AS14618 Amazon.com, Inc.",20147,America/New_York,,,,,,,,,,,,,,,,,,,,,,,,,
47.250.53.207,,false,false,Kuala Lumpur,Kuala Lumpur,MY,Malaysia,false,"3.1412,101.6865","AS45102 Alibaba (US) Technology Co., Ltd.",50050,Asia/Kuala_Lumpur,,,,,,,,,,,,,,,,,,,,,,,,,
139.59.249.255,,false,false,Singapore,Singapore,SG,Singapore,false,"1.3215,103.6957","AS14061 DigitalOcean, LLC",627753,Asia/Singapore,,,,,,,,,,,,,,,,,,,,,,,,,
106.12.127.241,,false,false,Beijing,Beijing,CN,China,false,"39.9075,116.3972","AS38365 Beijing Baidu Netcom Science and Technology Co., Ltd.",,Asia/Shanghai,,,,,,,,,,,,,,,,,,,,,,,,,
37.139.128.156,,false,false,Amsterdam,North Holland,NL,Netherlands,true,"52.3740,4.8897",AS211252 Delis LLC,1012,Europe/Amsterdam,,,,,,,,,,,,,,,,,,,,,,,,,
167.71.95.140,,false,false,Clifton,New Jersey,US,United States,false,"40.8344,-74.1377","AS14061 DigitalOcean, LLC",07014,America/New_York,,,,,,,,,,,,,,,,,,,,,,,,,
194.233.164.157,194-233-164-157.ip.linodeusercontent.com,false,false,Frankfurt am Main,Hesse,DE,Germany,true,"50.1025,8.6299","AS63949 Linode, LLC",60326,Europe/Berlin,,,,,,,,,,,,,,,,,,,,,,,,,
164.90.158.199,,false,false,Santa Clara,California,US,United States,false,"37.3924,-121.9623","AS14061 DigitalOcean, LLC",95054,America/Los_Angeles,,,,,,,,,,,,,,,,,,,,,,,,,
